GEOID,LOW_INCOME_RAW,LOW_ACCESS_RAW,NO_VEHICLE_RAW,LILA,NEAREST_GROCERY_MI,LILA_N,LOW_INCOME_N,LOW_ACCESS_N,NO_VEHICLE_N,DIST_N,SCORE_0_1,SCORE_1_10
42003472200,0.0,0.0,0.0,0,0.3191100745064757,0.0,0.0,0.0,0.0,0.026128960668050174,0.0065322401670125435,1
42003482500,0.0,46.1674740165472,0.0,0,0.2477402806548853,0.0,0.0,0.007396163615606138,0.0,0.01894935467623718,0.006216571392180522,1
42003560400,0.0,0.0,0.0,0,0.05937179101828236,0.0,0.0,0.0,0.0,0.0,0.0,1
42003473200,0.0,0.0,0.0,0,1.2375371272822262,0.0,0.0,0.0,0.0,0.11852020933641084,0.02963005233410271,1
42003473500,0.0,0.0,0.0,0,0.826542909002144,0.0,0.0,0.0,0.0,0.07717531546856311,0.01929382886714078,1
42003191100,0.0,568.112463951111,0.0,0,0.5650073146893727,0.0,0.0,0.09101326908077201,0.0,0.05086555024905069,0.030919041378417077,1
42003489001,0.0,0.0,0.0,0,0.4041690194402849,0.0,0.0,0.0,0.0,0.03468565780485239,0.008671414451213097,1
42003492700,0.0,1839.87282544142,0.0,1,0.6190635616141099,1.0,0.0,0.2947529779081038,0.0,0.056303460790347815,0.3230264607792077,4
42003100500,0.0,0.0,0.0,0,0.7375333607657031,0.0,0.0,0.0,0.0,0.06822119844847202,0.017055299612118005,1
42003051100,0.0,0.0,0.0,0,0.27506276216137404,0.0,0.0,0.0,0.0,0.02169792156075278,0.005424480390188195,1
42003515100,0.0,0.0,0.0,0,0.687131650432095,0.0,0.0,0.0,0.0,0.06315092428933303,0.015787731072333257,1
42003040900,0.0,10.8537417650223,0.0,0,0.5426035750740992,0.0,0.0,0.0017388009988779196,0.0,0.04861179534098251,0.012500709035021212,1
42003447000,0.0,1180.08878907957,0.0,0,1.0716463923883952,0.0,0.0,0.18905365630024967,0.0,0.10183205528756081,0.06326874508194014,2
42003431400,0.0,0.0,0.0,0,0.4897790696207328,0.0,0.0,0.0,0.0,0.043297794621627826,0.010824448655406957,1
42003428100,0.0,712.047980770469,0.0,0,1.165737057724512,0.0,0.0,0.11407215751186187,0.0,0.11129731878580759,0.050638761198824274,1
42003262000,0.0,1179.24083623337,0.0,1,1.0643765902078204,1.0,0.0,0.1889178117880165,0.0,0.1011007330785674,0.3130587456272451,4
42003980400,0.0,4.80412233620882,0.0,0,1.003884136779576,0.0,0.0,0.0007696343710564095,0.0,0.09501535777264988,0.023907766317373753,1
42003981100,0.0,0.0,0.0,0,0.7720149247086058,0.0,0.0,0.0,0.0,0.07168994943865062,0.017922487359662655,1
42003450800,0.0,0.0,0.0,0,1.766723588652734,0.0,0.0,0.0,0.0,0.17175491948203006,0.042938729870507515,1
42003486700,0.0,0.0,0.0,0,0.8290074916940523,0.0,0.0,0.0,0.0,0.0774232457442052,0.0193558114360513,1
42003471000,0.0,0.0,0.0,0,0.2291346000046378,0.0,0.0,0.0,0.0,0.017077674108460127,0.004269418527115032,1
42003490002,0.0,4802.00002885884,0.0,0,1.210845161933239,0.0,0.0,0.7692943712462091,0.0,0.11583507065223089,0.18281764191229954,3
42003488200,0.0,1382.5514026396,0.0,0,0.49897564114082277,0.0,0.0,0.2214887558553284,0.0,0.04422294455448423,0.05535348730968674,1
42003524000,0.0,0.0,0.0,0,0.380510184088282,0.0,0.0,0.0,0.0,0.0323056436996446,0.00807641092491115,1
42003522000,0.0,3277.22870538477,0.0,1,1.4889867779258183,1.0,0.0,0.525021570426383,0.0,0.14381535621821437,0.3909581531398302,5
42003464400,0.0,124.1912368536,0.0,0,0.21527638793821308,0.0,0.0,0.019895797354312707,0.0,0.015683575891015145,0.007900053443616328,1
42003484300,0.0,39.6055165827274,0.0,0,0.8378095590434378,0.0,0.0,0.0063449189492468935,0.0,0.07830870963686266,0.020846161199065044,1
42003191400,0.0,0.0,0.0,0,0.14419042082571087,0.0,0.0,0.0,0.0,0.008532522092596907,0.0021331305231492266,1
42003281500,0.0,0.0,0.0,0,0.9917615333684427,0.0,0.0,0.0,0.0,0.0937958570372557,0.023448964259313924,1
42003480102,0.0,0.0,0.0,0,0.823136843442475,0.0,0.0,0.0,0.0,0.07683267459234651,0.019208168648086627,1
42003457100,0.0,0.0,0.0,0,0.4661882598517261,0.0,0.0,0.0,0.0,0.04092462370394964,0.01023115592598741,1
42003492800,0.0,1152.34831323012,0.0,1,0.10577382485561358,1.0,0.0,0.18460955138595947,0.0,0.0046679176468349655,0.2880888896889006,4
42003499300,0.0,1573.99999666959,0.0,1,2.163365759787613,1.0,0.0,0.25215937744740535,0.0,0.2116560366746536,0.3533458846581445,4
42003141300,0.0,0.0,0.0,0,0.35327630798191856,0.0,0.0,0.0,0.0,0.029565990275954874,0.0073914975689887185,1
42003080600,0.0,0.0,0.0,0,0.29346475220200674,0.0,0.0,0.0,0.0,0.023549111410505516,0.005887277852626379,1
42003060500,0.0,0.0,0.0,0,0.5500497991329689,0.0,0.0,0.0,0.0,0.049360865108237444,0.012340216277059361,1
42003130200,0.0,0.0,0.0,0,0.9453221924404361,0.0,0.0,0.0,0.0,0.08912418639917198,0.022281046599792995,1
42003516200,0.0,7.9460768699646,0.0,0,0.48508222326584544,0.0,0.0,0.0012729846257427328,0.0,0.042825304729022885,0.010960923107404269,1
42003513800,0.0,417.674223014154,0.0,0,0.13791784044357208,0.0,0.0,0.06691262533286169,0.0,0.007901517668100747,0.015357904483597523,1
42003420000,0.0,593.349498786032,0.0,1,0.9002386130562677,1.0,0.0,0.09505631546327338,0.0,0.08458890166299869,0.2901584885084043,4
42003414101,0.0,204.162620007992,0.0,0,0.8118087571273911,0.0,0.0,0.03270744553251311,0.0,0.07569310010299497,0.025464764132251367,1
42003434000,0.0,1166.50976730837,0.0,0,0.7323658571618433,0.0,0.0,0.18687825751790182,0.0,0.06770136172435123,0.054300991934668176,1
42003431100,0.0,0.0,0.0,0,0.3615920109705425,0.0,0.0,0.0,0.0,0.030402527244625565,0.007600631811156391,1
42003428200,0.0,1027.81593908998,0.0,0,0.9602436039528276,0.0,0.0,0.16465910284614482,0.0,0.09062523957193921,0.05558813046221377,2
42003270100,0.0,0.0,0.0,0,0.4079408354726556,0.0,0.0,0.0,0.0,0.03506509217791975,0.008766273044479937,1
42003405000,0.0,0.0,0.0,0,2.1101691233606505,0.0,0.0,0.0,0.0,0.2063046005975154,0.05157615014937885,1
42003470501,0.0,0.0,0.0,0,0.4891982734243695,0.0,0.0,0.0,0.0,0.04323936811334754,0.010809842028336885,1
42003980800,0.0,0.0,0.0,0,0.4009911352799941,0.0,0.0,0.0,0.0,0.03436597135310284,0.00859149283827571,1
42003980500,0.0,6.66980314254761,0.0,0,0.9606457860253432,0.0,0.0,0.0010685218625668164,0.0,0.09066569798805342,0.022880128869526718,1
42003982200,0.0,0.0,0.0,0,0.5290797362980546,0.0,0.0,0.0,0.0,0.047251334161695545,0.011812833540423886,1
42003458002,0.0,0.0,0.0,0,2.614379982040352,0.0,0.0,0.0,0.0,0.25702683344635374,0.06425670836158844,2
42003564800,0.0,0.0,0.0,0,0.6225945124563503,0.0,0.0,0.0,0.0,0.05665866478430164,0.01416466619607541,1
42003563202,0.0,0.0,0.0,0,0.2886415907795208,0.0,0.0,0.0,0.0,0.023063914567701554,0.0057659786419253884,1
42003980900,0.0,0.0,0.0,0,0.7723918918981837,0.0,0.0,0.0,0.0,0.07172787130652988,0.01793196782663247,1
42003488600,0.0,1627.11321873334,0.0,0,1.1504873600954175,0.0,0.0,0.26066827010189014,0.0,0.10976324092789959,0.07957446425235293,2
42003552300,0.0,0.0,0.0,0,1.1992364499291388,0.0,0.0,0.0,0.0,0.11466726598636368,0.02866681649659092,1
42003455000,0.0,1459.00001430884,0.0,0,10.0,0.0,0.0,0.23373604579562227,0.0,1.0,0.29674720915912445,4
42003468800,0.0,534.422773542727,0.0,0,0.5588470117708947,0.0,0.0,0.08561608269084267,0.0,0.05024584063020467,0.029684676695719704,1
42003494000,0.0,797.800752756385,0.0,1,0.32261478230056273,1.0,0.0,0.12781000099604897,0.0,0.02648152468316145,0.2821823813700002,4
42003515300,0.0,0.0,0.0,0,0.657396179216451,0.0,0.0,0.0,0.0,0.06015961724208053,0.015039904310520132,1
42003412002,0.0,4027.51621924958,0.0,0,1.7239958125383843,0.0,0.0,0.6452198123596876,0.0,0.16745662210926004,0.17090811799925254,3
42003429201,0.0,416.661982506514,0.0,0,0.44726188528395616,0.0,0.0,0.06675046145943499,0.0,0.03902068220549693,0.023105262843261233,1
42003472100,0.0,0.0,0.0,0,0.17007973725751674,0.0,0.0,0.0,0.0,0.011136916491777225,0.0027842291229443063,1
42003562800,0.0,655.776867695153,0.0,1,1.1318678755498064,1.0,0.0,0.10505736153259425,0.0,0.10789017172601678,0.29798401523802304,4
42003481000,0.0,0.0,0.0,0,0.532588111671772,0.0,0.0,0.0,0.0,0.04760426712528304,0.01190106678132076,1
42003140300,0.0,0.0,0.0,0,0.4845224259364348,0.0,0.0,0.0,0.0,0.04276899064930458,0.010692247662326146,1
42003418000,0.0,1737.9376728218,0.0,0,1.813387962526952,0.0,0.0,0.2784226699799232,0.0,0.17644922781880654,0.09979684095068628,2
42003552200,0.0,242.374689115211,0.0,0,1.1854924024946187,0.0,0.0,0.03882913014333986,0.0,0.11328465241853082,0.036086989133300676,1
42003499400,0.0,2909.00002567205,0.0,1,1.9691382816218062,1.0,0.0,0.4660302649428349,0.0,0.19211728378272722,0.3912353739342488,5
42003040500,0.0,0.0,0.0,0,0.9196887537287042,0.0,0.0,0.0,0.0,0.08654553259854285,0.021636383149635712,1
42003980700,0.0,0.0,0.0,0,0.4574748160354359,0.0,0.0,0.0,0.0,0.04004807509624522,0.010012018774061306,1
42003483800,0.0,0.0,0.0,0,0.15400884815270763,0.0,0.0,0.0,0.0,0.009520229018214086,0.0023800572545535216,1
42003525200,0.0,1904.22443132102,0.0,0,1.1253154651366268,0.0,0.0,0.305062292336741,0.0,0.10723101716602033,0.08782021275885328,2
42003090300,0.0,0.0,0.0,0,0.22782995942871062,0.0,0.0,0.0,0.0,0.016946430836053218,0.0042366077090133045,1
42003510000,0.0,1723.63363242149,0.0,1,1.3680054903763785,1.0,0.0,0.27613112110447435,0.0,0.13164496969876596,0.33813746664558636,4
42003426800,0.0,1738.13161602244,0.0,0,0.7625601181554973,0.0,0.0,0.2784537402447498,0.0,0.07073882176801048,0.07337545349095258,2
42003180700,0.0,0.0,0.0,0,0.4775681863440583,0.0,0.0,0.0,0.0,0.042069413173296266,0.010517353293324067,1
42003501000,0.0,0.0,0.0,0,0.793269586551039,0.0,0.0,0.0,0.0,0.07382811026667846,0.018457027566669615,1
42003020100,0.0,0.0,0.0,0,0.2455222803028927,0.0,0.0,0.0,0.0,0.018726229909334768,0.004681557477333692,1
42003564700,0.0,0.0,0.0,0,0.1759922616780303,0.0,0.0,0.0,0.0,0.011731700271656587,0.002932925067914147,1
42003562000,0.0,0.0,0.0,0,0.13080927199475387,0.0,0.0,0.0,0.0,0.0071864151313822565,0.0017966037828455641,1
42003475102,0.0,7.64179348945618,0.0,0,0.6659802817451448,0.0,0.0,0.0012242375431766954,0.0,0.061023154470133956,0.015500636126168829,1
42003190300,0.0,0.0,0.0,0,0.10758560965521409,0.0,0.0,0.0,0.0,0.004850178240583306,0.0012125445601458265,1
42003486900,0.0,0.0,0.0,0,1.2652950032278325,0.0,0.0,0.0,0.0,0.12131257571025088,0.03032814392756272,1
42003080200,0.0,0.0,0.0,0,0.34174481835374537,0.0,0.0,0.0,0.0,0.02840595396982343,0.007101488492455858,1
42003980300,0.0,0.0,0.0,0,0.8405622468541981,0.0,0.0,0.0,0.0,0.07858562249919797,0.019646405624799492,1
42003523502,0.0,241.360524831573,0.0,0,1.0695831376332507,0.0,0.0,0.038666658075402975,0.0,0.10162449750431325,0.03313945599115891,1
42003498000,0.0,501.284404549748,0.0,1,1.0647532111770002,1.0,0.0,0.08030721959518024,0.0,0.10113862011762188,0.2913460989484415,4
42003456003,0.0,3602.36529121571,0.0,0,2.8735349294686956,0.0,0.0,0.5771093971366615,0.0,0.283097112102806,0.1861961574530338,3
42003449000,0.0,2236.70754132606,0.0,0,1.382169247625958,0.0,0.0,0.35832705358708505,0.0,0.13306980492565654,0.10493286194883114,2
42003469000,0.0,601.541548065841,0.0,0,0.5011276080835949,0.0,0.0,0.09636870558448425,0.0,0.044439426541088234,0.03038359775216891,1
42003491200,0.0,1474.0840402658,0.0,0,1.9496324694749914,0.0,0.0,0.2361525506258354,0.0,0.19015505244917924,0.0947692732374619,2
42003470400,0.0,810.166330635548,0.0,0,1.034575881185061,0.0,0.0,0.12979100253758943,0.0,0.09810286328641145,0.05048391632912075,1
42003490004,0.0,5095.00001962107,0.0,0,0.9345187779763999,0.0,0.0,0.816233821957154,0.0,0.08803739246251968,0.18525611250706076,3
42003488300,0.0,227.401727437973,0.0,0,0.7433091698966808,0.0,0.0,0.03643041813376877,0.0,0.06880222904428075,0.024486640887823943,1
42003561500,0.0,688.136785417795,0.0,1,0.3542962630926106,1.0,0.0,0.11024151447062222,0.0,0.029668594969466142,0.279465451636491,4
42003523600,0.0,1587.47154858708,0.0,0,0.9327219633617465,0.0,0.0,0.25431755924661265,0.0,0.0878566378284182,0.07282767130642707,2
42003523400,0.0,984.744964819867,0.0,0,0.6125084908958026,0.0,0.0,0.1577590074960908,0.0,0.055644038610934185,0.04546281115195171,1
42003521302,0.0,1058.64564093307,0.0,0,1.267597734353304,0.0,0.0,0.16959811074963377,0.0,0.12154422416113962,0.06430567819021166,2
42003521301,0.0,2107.86931547534,0.0,1,1.2919449520339246,1.0,0.0,0.33768679507966054,0.0,0.12399348764517396,0.3485357309272256,4
42003560500,0.0,0.0,0.0,0,0.6997350374017769,0.0,0.0,0.0,0.0,0.06441879053528057,0.016104697633820143,1
42003552100,0.0,0.0,0.0,0,1.535623773362618,0.0,0.0,0.0,0.0,0.14850691035909466,0.037126727589773666,1
42003551900,0.0,1.57654947042465,0.0,0,1.195642264199452,0.0,0.0,0.0002525678105581135,0.0,0.11430570073574507,0.02862693874604789,1
42003551300,0.0,0.0,0.0,0,0.6615733247274472,0.0,0.0,0.0,0.0,0.06057982665170537,0.015144956662926342,1
42003551200,0.0,0.0,0.0,0,0.34079404763779436,0.0,0.0,0.0,0.0,0.02831030903713276,0.00707757725928319,1
42003526201,0.0,2952.32808113564,0.0,0,1.6239001196015899,0.0,0.0,0.4729715454478049,0.0,0.15738726926430058,0.13394112640563613,2
42003525300,0.0,578.726690173149,0.0,0,1.9444619540682941,0.0,0.0,0.0927136989930326,0.0,0.18963491274593336,0.06595146798508986,2
42003451300,0.0,5163.34937153524,0.0,0,1.3647291826287182,0.0,0.0,0.8271835869279784,0.0,0.1313153821034166,0.19826556291144987,3
42003473602,0.0,3197.44061286514,0.0,0,1.3184110114685292,0.0,0.0,0.5122392859409725,0.0,0.12665590081245162,0.1341118323913074,2
42003484600,0.0,188.90681219101,0.0,0,1.0999104929003385,0.0,0.0,0.030263420748696698,0.0,0.10467534646773047,0.03222152076667196,1
42003170200,0.0,0.0,0.0,0,0.13781847481561277,0.0,0.0,0.0,0.0,0.007891521757795046,0.0019728804394487614,1
42003191800,0.0,0.0,0.0,0,0.3809093824684017,0.0,0.0,0.0,0.0,0.03234580196446724,0.00808645049111681,1
42003290200,0.0,262.534098595381,0.0,0,0.20926350652752548,0.0,0.0,0.0420587261757305,0.0,0.015078696472503672,0.012181419353272018,1
42003320400,0.0,578.291083622724,0.0,1,0.6445993438380477,1.0,0.0,0.09264391355669233,0.0,0.058872290615495614,0.2832468553652124,4
42003480400,0.0,4979.20130578254,0.0,0,1.8570687212610635,0.0,0.0,0.7976825311995189,0.0,0.18084339263573876,0.20474735439883848,3
42003480200,0.0,308.098031997681,0.0,0,0.9814490581963393,0.0,0.0,0.04935820082953561,0.0,0.09275845025014885,0.03306125272844433,1
42003475304,0.0,5687.99997353368,0.0,0,1.5504378807811328,0.0,0.0,0.9112341393150534,0.0,0.14999716903360477,0.21974612012141187,3
42003457200,0.0,236.525891155005,0.0,0,0.6943521900777709,0.0,0.0,0.03789213569887876,0.0,0.06387729082209923,0.02354774984530056,1
42003476200,0.0,0.0,0.0,0,0.7429170342334395,0.0,0.0,0.0,0.0,0.06876278126945229,0.017190695317363072,1
42003496200,0.0,0.0,0.0,0,2.6242974737681384,0.0,0.0,0.0,0.0,0.2580245059796475,0.06450612649491187,2
42003151600,0.0,0.0,0.0,0,0.885967674989831,0.0,0.0,0.0,0.0,0.08315328433918183,0.020788321084795457,1
42003141100,0.0,0.0,0.0,0,0.7819642849374678,0.0,0.0,0.0,0.0,0.07269082785595954,0.018172706963989885,1
42003090100,0.0,0.0,0.0,0,0.9041494641789992,0.0,0.0,0.0,0.0,0.08498232258575264,0.02124558064643816,1
42003080700,0.0,0.0,0.0,0,0.16062979507102979,0.0,0.0,0.0,0.0,0.01018627816311017,0.0025465695407775424,1
42003140400,0.0,0.0,0.0,0,0.5919027996973634,0.0,0.0,0.0,0.0,0.05357116245409117,0.013392790613522793,1
42003140100,0.0,0.0,0.0,0,0.945568795965518,0.0,0.0,0.0,0.0,0.08914899403908141,0.022287248509770353,1
42003111500,0.0,0.0,0.0,0,0.19994890972719287,0.0,0.0,0.0,0.0,0.014141673519375163,0.0035354183798437908,1
42003521100,0.0,2270.15843879804,0.0,0,0.982448183333997,0.0,0.0,0.363685984654073,0.0,0.09285895950536423,0.09595193680715565,2
42003512000,0.0,829.517374385148,0.0,1,0.9239592876433051,1.0,0.0,0.13289109602881002,0.0,0.08697513662605716,0.29832200336227627,4
42003508000,0.0,376.713457167149,0.0,0,2.2865633676301735,0.0,0.0,0.060350591509733355,0.0,0.22404937895167862,0.06808246303986633,2
42003421100,0.0,2018.49953698269,0.0,0,1.352067328555312,0.0,0.0,0.32336949663302667,0.0,0.13004163422680193,0.09718430788330581,2
42003419000,0.0,1577.95205641165,0.0,0,2.5562296219774905,0.0,0.0,0.252792508912654,0.0,0.2511770663249639,0.11335276836377177,2
42003414102,0.0,3817.64041321748,0.0,0,1.074340253058292,0.0,0.0,0.6115970978093037,0.0,0.10210305030047788,0.14784518213698022,2
42003413201,0.0,23.4453792572021,0.0,0,0.7406971027038849,0.0,0.0,0.0037560179479183427,0.0,0.06853946223137089,0.01788606914742639,1
42003050600,0.0,0.0,0.0,0,0.4456130260335431,0.0,0.0,0.0,0.0,0.038854811476228206,0.009713702869057051,1
42003050100,0.0,0.0,0.0,0,0.5316088203813002,0.0,0.0,0.0,0.0,0.047505753100828635,0.011876438275207159,1
42003040400,0.0,0.0,0.0,0,0.34109279181103735,0.0,0.0,0.0,0.0,0.02834036188358899,0.007085090470897248,1
42003040200,0.0,0.0,0.0,0,0.6354471632092488,0.0,0.0,0.0,0.0,0.05795160628484842,0.014487901571212105,1
42003020300,0.0,0.0,0.0,0,0.17094682875027192,0.0,0.0,0.0,0.0,0.011224143523562977,0.002806035880890744,1
42003445500,0.0,26.2185788750649,0.0,0,0.3945306207332348,0.0,0.0,0.004200292592554482,0.0,0.03371606126583874,0.009269073834970581,1
42003437000,0.0,3172.70635059988,0.0,0,1.4209665887625536,0.0,0.0,0.5082767851864455,0.0,0.1369727112934393,0.13589853486064893,2
42003432400,0.0,0.0,0.0,0,0.13041999093324205,0.0,0.0,0.0,0.0,0.007147254521677521,0.0017868136304193803,1
42003429600,0.0,0.0,0.0,0,0.7236829958810975,0.0,0.0,0.0,0.0,0.06682788963604794,0.016706972409011984,1
42003427100,0.0,2053.85149951279,0.0,0,1.2968892730465653,0.0,0.0,0.3290329838515754,0.0,0.12449087281125162,0.09692931497312798,2
42003426700,0.0,156.058655440807,0.0,0,0.2444880431028874,0.0,0.0,0.02500105049840964,0.0,0.018622188476714763,0.009655757218860618,1
42003260700,0.0,1537.36577248573,0.0,0,0.9460850052077197,0.0,0.0,0.2462904681824646,0.0,0.08920092327648466,0.07155832445561408,2
42003250900,0.0,6.6382200717926,0.0,0,0.8767638926411473,0.0,0.0,0.0010634621627724633,0.0,0.08222740901669791,0.02076954468672897,1
42003406000,0.0,0.0,0.0,0,2.5439963396307563,0.0,0.0,0.0,0.0,0.2499464315914688,0.0624866078978672,2
42003451105,0.0,827.419541556854,0.0,0,0.6794430462766663,0.0,0.0,0.13255501710816797,0.0,0.062377471747522666,0.04210537135851426,1
42003474102,0.0,1314.33461591256,0.0,0,0.7937037614125755,0.0,0.0,0.21056022821304804,0.0,0.07387178706983503,0.06057999241006837,2
42003562600,0.0,857.78828502167,0.0,1,1.305060565403154,1.0,0.0,0.13742017813875942,0.0,0.12531288246545091,0.30881225624411457,4
42003561900,0.0,687.961379703134,0.0,1,1.4719046018300614,1.0,0.0,0.11021341396496578,0.0,0.14209693604027004,0.30756691680306064,4
42003564500,0.0,3105.2791703539,0.0,0,2.0877386847222446,0.0,0.0,0.4974747547990023,0.0,0.20404815984076932,0.1505069909199928,2
42003489002,0.0,0.50046492414549,0.0,0,0.9458887673034478,0.0,0.0,8.017593645095835e-05,0.0,0.08918118228022705,0.022311330757346953,1
42003130600,0.0,0.0,0.0,0,0.6020123276822821,0.0,0.0,0.0,0.0,0.05458815330943615,0.013647038327359038,1
42003562700,0.0,0.0,0.0,0,0.5579434959889243,0.0,0.0,0.0,0.0,0.050154949414581707,0.012538737353645427,1
42003565300,0.0,0.0,0.0,0,1.1157174198395226,0.0,0.0,0.0,0.0,0.10626548006963923,0.02656637001740981,1
42003130700,0.0,0.0,0.0,0,1.016328793440666,0.0,0.0,0.0,0.0,0.09626725618384342,0.024066814045960856,1
42003513000,0.0,0.0,0.0,0,0.6138706451933585,0.0,0.0,0.0,0.0,0.05578106760637787,0.013945266901594467,1
42003411001,0.0,0.0,0.0,0,2.3801832064182142,0.0,0.0,0.0,0.0,0.2334672785873829,0.05836681964684572,2
42003563201,0.0,0.0,0.0,0,0.15462951599105848,0.0,0.0,0.0,0.0,0.009582666504588444,0.002395666626147111,1
42003241300,0.0,0.0,0.0,0,0.7010596256838311,0.0,0.0,0.0,0.0,0.0645520404923464,0.0161380101230866,1
42003261300,0.0,0.0,0.0,0,0.6070443634076872,0.0,0.0,0.0,0.0,0.05509436233562812,0.01377359058390703,1
42003271600,0.0,0.0,0.0,0,0.28610169355301523,0.0,0.0,0.0,0.0,0.02280840785594156,0.00570210196398539,1
42003170600,0.0,0.0,0.0,0,0.3377950394284787,0.0,0.0,0.0,0.0,0.02800861701664195,0.007002154254160488,1
42003191500,0.0,0.0,0.0,0,0.6790532923252934,0.0,0.0,0.0,0.0,0.06233826356639175,0.015584565891597938,1
42003191900,0.0,0.0,0.0,0,0.11848551188957429,0.0,0.0,0.0,0.0,0.0059466785829370965,0.0014866696457342741,1
42003281400,0.0,0.0,0.0,0,1.1311111629534276,0.0,0.0,0.0,0.0,0.1078140485092069,0.026953512127301724,1
42003310200,0.0,510.329723387957,0.0,0,0.7959085712699199,0.0,0.0,0.08175630598138235,0.0,0.07409358490906538,0.034874657423542815,1
42003320600,0.0,0.0,0.0,0,0.4464429664593114,0.0,0.0,0.0,0.0,0.03893830121232139,0.009734575303080348,1
42003320700,0.0,0.0,0.0,0,0.7298302851547278,0.0,0.0,0.0,0.0,0.06744629011782796,0.01686157252945699,1
42003465600,0.0,0.0,0.0,0,0.2578181812717946,0.0,0.0,0.0,0.0,0.019963163904893735,0.004990790976223434,1
42003417200,0.0,1260.00001473655,0.0,0,2.024141337021528,0.0,0.0,0.2018556670723965,0.0,0.1976504406661146,0.08978374358100795,2
42003416000,0.0,453.152474842966,0.0,0,1.3144535223821825,0.0,0.0,0.07259634446437668,0.0,0.1262577882381607,0.04608371595241551,1
42003415002,0.0,2545.00001741905,0.0,0,10.0,0.0,0.0,0.40771640492623007,0.0,1.0,0.331543280985246,4
42003414200,0.0,2779.62186720708,0.0,0,1.3818770088957992,0.0,0.0,0.44530350766021276,0.0,0.13304040650897553,0.12232080315928644,2
42003413300,0.0,1408.70520539675,0.0,0,1.0819350450327447,0.0,0.0,0.2256786711253915,0.0,0.1028670655935547,0.07085250062346697,2
42003435000,0.0,2449.00000733882,0.0,0,0.20229248372634148,0.0,0.0,0.3923369240952292,0.0,0.014377430651608628,0.082061742481948,2
42003432300,0.0,0.0,0.0,0,0.5592809296317601,0.0,0.0,0.0,0.0,0.05028949157979691,0.012572372894949228,1
42003431500,0.0,0.0,0.0,0,0.3794078585102183,0.0,0.0,0.0,0.0,0.032194752762483535,0.008048688190620884,1
42003429500,0.0,0.0,0.0,0,0.40199256087859725,0.0,0.0,0.0,0.0,0.034466712028395206,0.008616678007098802,1
42003429300,0.0,212.546418190002,0.0,0,0.16388455305461797,0.0,0.0,0.0340505543855585,0.0,0.010513697911154604,0.009438535354900352,1
42003429202,0.0,29.9001653194427,0.0,0,0.4317329526132946,0.0,0.0,0.004790093448842532,0.0,0.0374585140664018,0.010322647206368956,1
42003429100,0.0,602.21538323909,0.0,0,0.8372184032132864,0.0,0.0,0.09647665593908918,0.0,0.07824924097776753,0.03885764143225972,1
42003427200,0.0,54.6143045425415,0.0,0,0.2992959394102157,0.0,0.0,0.008749370433487455,0.0,0.024135712889367816,0.007783802309039445,1
42003426400,0.0,0.0,0.0,0,0.870940599131866,0.0,0.0,0.0,0.0,0.08164160162235036,0.02041040040558759,1
42003426300,0.0,890.845469370484,0.0,0,0.540292828112643,0.0,0.0,0.14271603521830098,0.0,0.04837934051892526,0.04063804217339151,1
42003261500,0.0,65.2701197878341,0.0,0,0.60530224263296,0.0,0.0,0.010456463028235151,0.0,0.05491910975217941,0.015821070043691883,1
42003261400,0.0,13.8235432058573,0.0,0,0.8230182243196951,0.0,0.0,0.0022145718273708505,0.0,0.07682074183313993,0.019648099823759153,1
42003260200,0.0,1712.3243105337,0.0,1,0.6781968533178889,1.0,0.0,0.2743193348448737,0.0,0.06225210814548679,0.3204268940053464,4
42003408002,0.0,864.733144305806,0.0,0,0.7132448933081075,0.0,0.0,0.13853276479520982,0.0,0.06577784507613181,0.04415101422807492,1
42003403500,0.0,2289.47619668569,0.0,1,1.0095749271735144,1.0,0.0,0.3667807456533972,0.0,0.09558783571612597,0.34725310805971094,4
42003402000,0.0,2612.94795412011,0.0,1,1.140757115769397,1.0,0.0,0.4186018620123978,0.0,0.10878440497090958,0.36091647364520696,4
42003401200,0.0,26.0792163461447,0.0,0,0.5973357215167665,0.0,0.0,0.004177966310085378,0.0,0.05411769952450432,0.014365018143143156,1
42003475401,0.0,53.6632280349731,0.0,0,0.5578418791870184,0.0,0.0,0.0085970052107678,0.0,0.050144727042336246,0.014255582802737622,1
42003480101,0.0,0.0,0.0,0,0.22912794718341944,0.0,0.0,0.0,0.0,0.017077004852847858,0.0042692512132119645,1
42003479000,0.0,0.0,0.0,0,0.27888784644314174,0.0,0.0,0.0,0.0,0.022082714573966128,0.005520678643491532,1
42003475301,0.0,2061.79742748465,0.0,0,0.7514502404787113,0.0,0.0,0.3303059446234088,0.0,0.06962119847064706,0.08346648854234352,2
42003475303,0.0,4063.999997098,0.0,0,1.0679053786700923,0.0,0.0,0.6510646196841174,0.0,0.10145571954301272,0.15557685382257666,2
42003478100,0.0,19.0936605650932,0.0,0,0.4428018744319749,0.0,0.0,0.003058859956463299,0.0,0.03857201731649611,0.010254776320416686,1
42003468700,0.0,1315.84697836637,0.0,1,0.3907003187871128,1.0,0.0,0.21080251307685646,0.0,0.033330743369867015,0.30049318845783807,4
42003476100,0.0,0.0,0.0,0,0.399396370754838,0.0,0.0,0.0,0.0,0.03420554240519036,0.00855138560129759,1
42003492900,0.0,1349.6218422763,0.0,1,0.5188045418912965,1.0,0.0,0.2162133445094607,0.0,0.04621767771758127,0.3047970883312875,4
42003504100,0.0,248.203154935909,0.0,0,1.892354241487997,0.0,0.0,0.039762867319915726,0.0,0.18439301942844505,0.05405082832109441,1
42003503002,0.0,803.472998393911,0.0,0,0.34866242491933314,0.0,0.0,0.1287187112449141,0.0,0.029101846263565736,0.033019203814874255,1
42003500300,0.0,2649.12299250579,0.0,0,1.8442126566134234,0.0,0.0,0.4243972083769277,0.0,0.17955010770672147,0.1297669686020659,2
42003496101,0.0,2953.16423598572,0.0,0,2.9280311061922206,0.0,0.0,0.47310549988674516,0.0,0.2885792783782015,0.1667659195718994,3
42003151700,0.0,0.0,0.0,0,0.2164816585916512,0.0,0.0,0.0,0.0,0.015804822821098408,0.003951205705274602,1
42003141400,0.0,0.0,0.0,0,0.6636693243742074,0.0,0.0,0.0,0.0,0.06079067848145858,0.015197669620364646,1
42003110200,0.0,499.252494767308,0.0,0,0.9415157636329591,0.0,0.0,0.07998170173822124,0.0,0.0887412700756304,0.03818165786655185,1
42003101800,0.0,25.0091331005096,0.0,0,0.5985035707749671,0.0,0.0,0.004006535861796192,0.0,0.05423518196461262,0.014360102663512394,1
42003080900,0.0,0.0,0.0,0,0.22485978149076905,0.0,0.0,0.0,0.0,0.016647639061982248,0.004161909765495562,1
42003070900,0.0,0.0,0.0,0,0.18996966140304183,0.0,0.0,0.0,0.0,0.013137788441454794,0.0032844471103636984,1
42003070800,0.0,0.0,0.0,0,0.17117864507614067,0.0,0.0,0.0,0.0,0.01124746361168973,0.0028118659029224323,1
42003070500,0.0,0.0,0.0,0,0.10841548187994363,0.0,0.0,0.0,0.0,0.004933661115838586,0.0012334152789596465,1
42003140500,0.0,0.0,0.0,0,0.8142378198930943,0.0,0.0,0.0,0.0,0.07593745717124428,0.01898436429281107,1
42003140200,0.0,0.0,0.0,0,0.635441896852847,0.0,0.0,0.0,0.0,0.057951076503803295,0.014487769125950824,1
42003120300,0.0,875.159640452825,0.0,1,1.1231570050975368,1.0,0.0,0.1402031198034392,0.0,0.10701388199169204,0.30479409445861083,4
42003111400,0.0,0.0,0.0,0,0.3533887680746042,0.0,0.0,0.0,0.0,0.029577303453585238,0.0073943258633963095,1
42003520002,0.0,337.316338269506,0.0,0,0.6490725213682953,0.0,0.0,0.0540390584757619,0.0,0.05932228003630565,0.025638381704228795,1
42003516100,0.0,0.0,0.0,0,0.22763159703722344,0.0,0.0,0.0,0.0,0.016926476122194396,0.004231619030548599,1
42003515200,0.0,0.0,0.0,0,0.36014945227988693,0.0,0.0,0.0,0.0,0.030257409787224618,0.0075643524468061545,1
42003509400,0.0,4701.92982130381,0.0,1,1.3537802860468577,1.0,0.0,0.7532628329415709,0.0,0.1302139530637541,0.4332060548542527,5
42003422000,0.0,4329.83261345193,0.0,0,2.262840514811415,0.0,0.0,0.6936517779985105,0.0,0.2216629248644687,0.1941460868158193,3
42003477200,0.0,0.0,0.0,0,0.563981527996287,0.0,0.0,0.0,0.0,0.050762358914305986,0.012690589728576496,1
42003490003,0.0,2853.16906453477,0.0,0,1.885048259959382,0.0,0.0,0.45708598258422306,0.0,0.18365805767602644,0.13733171093585123,2
42003491101,0.0,3830.92033220408,0.0,0,1.8202292780938,0.0,0.0,0.6137245794556179,0.0,0.17713744544680982,0.16702927725282601,3
42003460001,0.0,2300.53366200428,0.0,0,1.026436056479612,0.0,0.0,0.36855218375808685,0.0,0.0972840191918205,0.0980314415495725,2
42003470600,0.0,0.0,0.0,0,0.2173358222539178,0.0,0.0,0.0,0.0,0.015890749348507895,0.003972687337126974,1
42003474201,0.0,1911.85902901914,0.0,0,1.1045993736818003,0.0,0.0,0.3062853770932167,0.0,0.1051470350454428,0.08754383418000404,2
42003474202,0.0,1934.88756105484,0.0,0,1.7687075426094525,0.0,0.0,0.30997461490384975,0.0,0.1719544998219251,0.10498354793625123,2
42003465800,0.0,205.608783587813,0.0,0,0.5955855475014777,0.0,0.0,0.032939125144169,0.0,0.053941636807088994,0.02007323423060605,1
42003488100,0.0,675.136816397309,0.0,0,0.9579005519264397,0.0,0.0,0.10815888162311439,0.0,0.09038953494873736,0.044229160061807216,1
42003488500,0.0,299.797104969621,0.0,0,1.1558720467275014,0.0,0.0,0.04802836817638387,0.0,0.11030492567044117,0.03718190505288707,1
42003477300,0.0,43.3426842689514,0.0,0,0.7402739298386273,0.0,0.0,0.006943624082136816,0.0,0.0684968921989382,0.018512947866161915,1
42003459201,0.0,3010.44937542186,0.0,0,0.9927781450294283,0.0,0.0,0.4822827458383137,0.0,0.09389812538887427,0.11993108051488131,2
42003523800,0.0,670.464780092239,0.0,0,0.7164150789052507,0.0,0.0,0.10741040781841882,0.0,0.06609675707349219,0.038006270832056814,1
42003523701,0.0,1659.79032974096,0.0,0,1.3470855123422296,0.0,0.0,0.26590323832672863,0.0,0.1295404771461477,0.08556576695188264,2
42003523300,0.0,400.018005773891,0.0,0,0.5587482089460701,0.0,0.0,0.06408404797784187,0.0,0.050235901336354485,0.025375784929656996,1
42003523100,0.0,575.134141919436,0.0,1,0.6701144803649979,1.0,0.0,0.09213816231385674,0.0,0.06143904354001364,0.28378739334777475,4
42003521402,0.0,3029.86129371822,0.0,0,1.4952831664945814,0.0,0.0,0.4853925916089789,0.0,0.1444487556811451,0.13319070724208207,2
42003521401,0.0,2661.05320005573,0.0,0,1.7471887997527893,0.0,0.0,0.42630846232545144,0.0,0.1697897731663984,0.1277091357566899,2
42003526101,0.0,6242.08392566281,0.0,0,1.8426451299097177,0.0,0.0,1.0,0.0,0.1793924188091235,0.24484810470228088,3
42003473100,0.0,0.0,0.0,0,0.5764684015845382,0.0,0.0,0.0,0.0,0.05201850423286531,0.013004626058216328,1
42003473300,0.0,0.0,0.0,0,0.7714600928718776,0.0,0.0,0.0,0.0,0.07163413487391045,0.01790853371847761,1
42003473601,0.0,0.0,0.0,0,0.5508646924352875,0.0,0.0,0.0,0.0,0.04944284114488091,0.012360710286220227,1
42003461000,0.0,805.627977407072,0.0,1,0.7503544931794598,1.0,0.0,0.12906394515058162,0.0,0.06951096929033615,0.29319053135270035,4
42003160900,0.0,0.64230440557003,0.0,0,0.36445857710686985,0.0,0.0,0.0001028990339154768,0.0,0.030690895954938794,0.007693303795517794,1
42003192000,0.0,0.0,0.0,0,0.4545572970497664,0.0,0.0,0.0,0.0,0.03975458066869653,0.009938645167174133,1
42003472300,0.0,0.0,0.0,0,0.21430720870871567,0.0,0.0,0.0,0.0,0.015586079112227893,0.003896519778056973,1
42003472400,0.0,0.0,0.0,0,0.8735689916385243,0.0,0.0,0.0,0.0,0.08190601071716828,0.02047650267929207,1
42003452000,0.0,4279.09821957662,0.0,0,3.083157555875482,0.0,0.0,0.6855239805386385,0.0,0.30418457478623934,0.21315093980428756,3
42003563800,0.0,0.0,0.0,0,1.6295655406927059,0.0,0.0,0.0,0.0,0.15795719512532383,0.03948929878133096,1
42003453004,0.0,5003.28854147403,0.0,0,1.0288312640603199,0.0,0.0,0.8015413764150505,0.0,0.09752497052108797,0.18468951791328211,3
42003564000,0.0,0.0,0.0,0,2.0617212967099343,0.0,0.0,0.0,0.0,0.20143088179099752,0.05035772044774938,1
42003562400,0.0,0.0,0.0,0,0.8750734138122309,0.0,0.0,0.0,0.0,0.08205735147170402,0.020514337867926006,1
42003478200,0.0,2317.92617690307,0.0,0,0.6897615650871416,0.0,0.0,0.3713385152310241,0.0,0.06341548650811417,0.09012157467323337,2
42003497000,0.0,0.0,0.0,0,1.4594850472485745,0.0,0.0,0.0,0.0,0.1408475628296046,0.03521189070740115,1
42003563000,0.0,347.803792655468,0.0,0,0.8717598108335229,0.0,0.0,0.05571917917116707,0.0,0.08172401207815203,0.03157483885377142,1
42003562500,0.0,5.20602130889893,0.0,0,0.5362331749792931,0.0,0.0,0.0008340197554050243,0.0,0.047970950521029364,0.012159541581338347,1
42003564200,0.0,1245.65252114646,0.0,0,0.8793291218981418,0.0,0.0,0.19955715686956124,0.0,0.08248546406141599,0.06053279738926625,2
42003160800,0.0,0.0,0.0,0,0.4357067415646508,0.0,0.0,0.0,0.0,0.03785826636251582,0.009464566590628954,1
42003980600,0.0,5.24067943636328,0.0,0,1.0870400956713877,0.0,0.0,0.0008395720882280196,0.0,0.10338061972024765,0.026013069347707515,1
42003453003,0.0,0.0,0.0,0,1.9974200556358463,0.0,0.0,0.0,0.0,0.19496235286885263,0.04874058821721316,1
42003564100,0.0,582.420861478895,0.0,0,0.9577008277519943,0.0,0.0,0.09330551598071492,0.0,0.0903694432432388,0.041253464006952685,1
42003161000,0.0,0.0,0.0,0,0.9956105436766105,0.0,0.0,0.0,0.0,0.09418305694326265,0.023545764235815662,1
42003101900,0.0,0.0,0.0,0,0.29813099501325024,0.0,0.0,0.0,0.0,0.02401852267035199,0.006004630667587997,1
42003120900,0.0,0.0,0.0,0,0.3933988089118474,0.0,0.0,0.0,0.0,0.03360220409327446,0.008400551023318615,1
42003141200,0.0,0.0,0.0,0,0.796369080806319,0.0,0.0,0.0,0.0,0.07413991090846078,0.018534977727115196,1
42003411002,0.0,0.0,0.0,0,1.7824028004867605,0.0,0.0,0.0,0.0,0.17333220529379192,0.04333305132344798,1
42003565200,0.0,0.0,0.0,0,0.7965393949599852,0.0,0.0,0.0,0.0,0.07415704404633554,0.018539261011583884,1
42003451104,0.0,3589.99917372037,0.0,0,2.0197008927289204,0.0,0.0,0.57512830914704,0.0,0.1972037441194521,0.16432659785927103,2
42003981800,0.0,0.0,0.0,0,0.9117463779864508,0.0,0.0,0.0,0.0,0.08574655132942373,0.021436637832355932,1
42003562300,0.0,2419.34883804433,0.0,1,0.6071072510103498,1.0,0.0,0.38758672053378934,0.0,0.05510068865639383,0.3412925162708563,4
42003981000,0.0,0.0,0.0,0,0.6476478720872482,0.0,0.0,0.0,0.0,0.059178964216510685,0.014794741054127671,1
42003981200,0.0,0.0,0.0,0,0.6761140866083962,0.0,0.0,0.0,0.0,0.06204258751301702,0.015510646878254255,1
42003486800,0.0,0.0,0.0,0,1.3319864237152594,0.0,0.0,0.0,0.0,0.12802155014178318,0.032005387535445795,1
42003525100,0.0,1993.47716896236,0.0,0,1.584752322684225,0.0,0.0,0.31936084049858154,0.0,0.1534491080038288,0.1022344451006735,2
42003473401,0.0,0.0,0.0,0,0.6779571892170475,0.0,0.0,0.0,0.0,0.06222799859266951,0.015556999648167378,1
42003459202,0.0,660.999997377396,0.0,1,0.9548170487063155,1.0,0.0,0.10589412209916872,0.0,0.09007934296133979,0.2936986601601687,4
42003202200,0.0,0.0,0.0,0,0.8469560911099772,0.0,0.0,0.0,0.0,0.07922882573760115,0.019807206434400287,1
42003300100,0.0,0.0,0.0,0,0.5679389516930473,0.0,0.0,0.0,0.0,0.051160464910583424,0.012790116227645856,1
42003459101,0.0,1681.63802915152,0.0,0,1.8577170090636526,0.0,0.0,0.2694033033163611,0.0,0.1809086086149465,0.09910781281700884,2
42003080400,0.0,0.0,0.0,0,0.18297789898647407,0.0,0.0,0.0,0.0,0.012434436271996283,0.003108609067999071,1
42003060300,0.0,0.0,0.0,0,0.41892115361824855,0.0,0.0,0.0,0.0,0.036169682140923476,0.009042420535230869,1
42003518001,0.0,1311.86905288184,0.0,0,0.9358182685230273,0.0,0.0,0.21016523784443356,0.0,0.08816811765606965,0.06407507698290413,2
42003514000,0.0,959.559214778245,0.0,1,0.7429079675194776,1.0,0.0,0.1537241770866378,0.0,0.0687618691828345,0.29793530271303614,4
42003424000,0.0,2641.05868483335,0.0,1,0.2724870204608895,1.0,0.0,0.42310528283275395,0.0,0.021438808992981936,0.3399807588147963,4
42003407001,0.0,0.0,0.0,0,1.0666802480123347,0.0,0.0,0.0,0.0,0.10133247475083243,0.025333118687708107,1
42003401100,0.0,291.680335666053,0.0,0,1.5923569855119992,0.0,0.0,0.04672803812631872,0.0,0.1542141162777428,0.047899136694699446,1
42003450700,0.0,99.9547233581543,0.0,0,2.403354862975823,0.0,0.0,0.01601303740041283,0.0,0.2357982838388088,0.062152178439784767,2
42003464300,0.0,0.0,0.0,0,0.3996081744418086,0.0,0.0,0.0,0.0,0.03422684927659907,0.008556712319149767,1
42003462100,0.0,2222.58829454129,0.0,1,0.7033573007284135,1.0,0.0,0.3560651091863182,0.0,0.06478318031533127,0.3374088169160965,4
42003523702,0.0,54.568826675415,0.0,0,0.5422528442744033,0.0,0.0,0.008742084746901359,0.0,0.04857651278214192,0.013892545144915752,1
42003521500,0.0,2919.25115277409,0.0,0,1.1907961584012157,0.0,0.0,0.46767252531999753,0.0,0.11381819575151704,0.12198905400187877,2
42003561400,0.0,102.662361711264,0.0,0,0.7827051322786561,0.0,0.0,0.0164468089397505,0.0,0.07276535507150503,0.021480700555826356,1
42003550900,0.0,0.0,0.0,0,1.1109713010313689,0.0,0.0,0.0,0.0,0.10578803350304646,0.026447008375761614,1
42003526202,0.0,2200.06740223803,0.0,0,2.0609938978339177,0.0,0.0,0.3524571967372928,0.0,0.20135770745425297,0.1208308662110218,2
42003463900,0.0,0.0,0.0,0,0.8005496231903675,0.0,0.0,0.0,0.0,0.07456046203422075,0.018640115508555186,1
42003473402,0.0,0.0,0.0,0,0.579392464952005,0.0,0.0,0.0,0.0,0.052312657007317215,0.013078164251829304,1
42003191600,0.0,0.0,0.0,0,0.5649403676810423,0.0,0.0,0.0,0.0,0.05085881556318145,0.012714703890795362,1
42003470300,0.0,102.734890401363,0.0,0,0.739424149479092,0.0,0.0,0.016458428246854145,0.0,0.06841140661979066,0.020394537304318495,1
42003475101,0.0,0.0,0.0,0,0.42255025291582476,0.0,0.0,0.0,0.0,0.0365347596009473,0.009133689900236825,1
42003507000,0.0,21.9845729061635,0.0,0,1.7991940802828492,0.0,0.0,0.0035219925217248806,0.0,0.17502136209988967,0.044459739029317394,1
42003101400,0.0,1191.64679025114,0.0,0,1.0137526734705855,0.0,0.0,0.19090528170439586,0.0,0.09600810556318619,0.06218308273167572,2
42003140800,0.0,0.0,0.0,0,0.44044260552503267,0.0,0.0,0.0,0.0,0.03833468131948029,0.009583670329870073,1
42003111300,0.0,0.0,0.0,0,0.5309267414533451,0.0,0.0,0.0,0.0,0.047437137826862465,0.011859284456715616,1
42003423000,0.0,32.5930786132813,0.0,0,1.0906413422556311,0.0,0.0,0.005221505990857122,0.0,0.10374289527351596,0.026980025016550415,1
42003417100,0.0,2145.00000687409,0.0,0,1.8514953491442367,0.0,0.0,0.34363523983640215,0.0,0.18028272664968054,0.11379772962970057,2
42003413400,0.0,2112.437912172,0.0,0,0.8115674318925433,0.0,0.0,0.33841869755823456,0.0,0.07566882344464156,0.0866009453728073,2
42003030500,0.0,0.0,0.0,0,0.43485628020569295,0.0,0.0,0.0,0.0,0.03777271227668959,0.009443178069172397,1
42003448000,0.0,217.358410276473,0.0,0,0.7144436344511162,0.0,0.0,0.03482144951349609,0.0,0.0658984351553308,0.023438898691531918,1
42003439000,0.0,0.0,0.0,0,2.5600757718952085,0.0,0.0,0.0,0.0,0.2515639784835177,0.06289099462087942,2
42003430200,0.0,0.0,0.0,0,0.29991973163410934,0.0,0.0,0.0,0.0,0.024198464680379377,0.006049616170094844,1
42003425000,0.0,0.0,0.0,0,0.9643145254245866,0.0,0.0,0.0,0.0,0.09103476313384859,0.022758690783462147,1
42003270800,0.0,0.0,0.0,0,0.6410679108533831,0.0,0.0,0.0,0.0,0.058517038119333065,0.014629259529833266,1
42003563300,0.0,0.0,0.0,0,2.2599499596959363,0.0,0.0,0.0,0.0,0.22137214292848734,0.055343035732121834,1
42003515401,0.0,0.0,0.0,0,0.1283196382814265,0.0,0.0,0.0,0.0,0.006935964791525678,0.0017339911978814194,1
42003487000,0.0,1293.27410449163,0.0,0,1.105099628548636,0.0,0.0,0.20718627302889153,0.0,0.10519735931633585,0.06773659443486227,2
42003474203,0.0,3054.88509376661,0.0,0,1.3284213540847194,0.0,0.0,0.4894014771584844,0.0,0.1276629138910763,0.12979602390446598,2
42003523200,0.0,61.3420667640676,0.0,0,0.5778639261912466,0.0,0.0,0.00982717750908068,0.0,0.052158890190107686,0.015005158049343058,1
42003526301,0.0,3319.13752427697,0.0,0,1.0196623302280963,0.0,0.0,0.531735485104765,0.0,0.09660260086401347,0.13049774723695637,2
42003474101,0.0,1789.80953565985,0.0,0,1.0748965361981904,0.0,0.0,0.2867326932759561,0.0,0.10215901086234618,0.08288629137077776,2
42003202300,0.0,0.0,0.0,0,0.3982221157439759,0.0,0.0,0.0,0.0,0.03408741556389062,0.008521853890972654,1
42003475200,0.0,3466.83696953813,0.0,0,0.08639530755048651,0.0,0.0,0.5553973658196221,0.0,0.0027184918260787,0.11175909612044409,2
42003070600,0.0,0.0,0.0,0,0.3271786151777055,0.0,0.0,0.0,0.0,0.026940633783833698,0.0067351584459584245,1
42003520001,0.0,34.1708831787109,0.0,0,0.16999347040073115,0.0,0.0,0.005474274871285474,0.0,0.011128238282013012,0.003876914544760348,1
42003415001,0.0,0.0,0.0,0,2.8908751856579027,0.0,0.0,0.0,0.0,0.28484149443203743,0.07121037360800936,2
42003446000,0.0,56.0610496997833,0.0,0,0.5331451283166603,0.0,0.0,0.008981143215537672,0.0,0.047660301475746424,0.01371130401204414,1
42003404000,0.0,846.056555597124,0.0,0,1.2150850580792223,0.0,0.0,0.1355407209631976,0.0,0.11626159260404803,0.05617354234365153,2
42003458001,0.0,0.0,0.0,0,1.7442832571654232,0.0,0.0,0.0,0.0,0.1694974835317513,0.04237437088293782,1
42003562901,0.0,0.0,0.0,0,0.40278840862715903,0.0,0.0,0.0,0.0,0.034546772134439886,0.008636693033609972,1
42003409002,0.0,0.0,0.0,0,2.154131020718928,0.0,0.0,0.0,0.0,0.21072704719083596,0.05268176179770899,1
42003565100,0.0,0.0,0.0,0,0.7117308534148277,0.0,0.0,0.0,0.0,0.06562553680532135,0.016406384201330337,1
42003563100,0.0,0.0,0.0,0,0.8803997832835156,0.0,0.0,0.0,0.0,0.08259316966742652,0.02064829241685663,1
42003563900,0.0,9.68970197439194,0.0,0,0.38462869823322343,0.0,0.0,0.0015523184388077655,0.0,0.032719954954261304,0.008490452426326879,1
42003130800,0.0,0.0,0.0,0,0.578001211320488,0.0,0.0,0.0,0.0,0.0521727006984936,0.0130431751746234,1
42003456001,0.0,3161.9840887594,0.0,0,2.2215296162177323,0.0,0.0,0.5065590476538887,0.0,0.21750716149366314,0.15568859990419354,2
42003475402,0.0,2772.45838088077,0.0,0,1.3872890010089542,0.0,0.0,0.4441558963157291,0.0,0.13358483810820435,0.1222273887901969,2
42003495000,0.0,0.0,0.0,0,2.4190776453288887,0.0,0.0,0.0,0.0,0.23737995272557588,0.05934498818139397,2
42003496102,0.0,0.0,0.0,0,2.7588013395363835,0.0,0.0,0.0,0.0,0.27155522686977357,0.06788880671744339,2
42003051000,0.0,0.0,0.0,0,0.7533316165315823,0.0,0.0,0.0,0.0,0.06981045975407088,0.01745261493851772,1
42003521200,0.0,964.034777291585,0.0,1,1.0581704769206086,1.0,0.0,0.15444117521845396,0.0,0.10047641506196514,0.3060073388091821,4
42003413202,0.0,83.4075616598129,0.0,0,0.19673471173224366,0.0,0.0,0.01336213396889827,0.0,0.013818333995214602,0.006127010292583305,1
42003429700,0.0,274.946468118113,0.0,0,0.9750104326669622,0.0,0.0,0.044047223874664275,0.0,0.09211074213814446,0.03183713030946897,1
42003410000,0.0,350.981415251154,0.0,0,1.5193022650052455,0.0,0.0,0.05622824355311521,0.0,0.1468650112744246,0.047961901529229196,1
42003270300,0.0,0.0,0.0,0,0.7923246431500037,0.0,0.0,0.0,0.0,0.07373305154592462,0.018433262886481155,1
42003412004,0.0,0.0,0.0,0,2.469201091238224,0.0,0.0,0.0,0.0,0.24242223424497192,0.06060555856124298,2
42003412003,0.0,0.0,0.0,0,1.194172076147967,0.0,0.0,0.0,0.0,0.11415780384023935,0.028539450960059838,1
42003564400,0.0,1159.62319190125,0.0,1,1.1065658864953547,1.0,0.0,0.1857750081080681,0.0,0.10534486085405494,0.3134912168351274,4
42003462600,0.0,1502.83495816588,0.0,1,0.6022110498280919,1.0,0.0,0.24075853129550848,0.0,0.054608144213595534,0.3118037423125006,4
42003485000,0.0,289.831203307956,0.0,0,0.8841091213492791,0.0,0.0,0.04643180174434783,0.0,0.08296631892799458,0.03002794008086821,1
42003523501,0.0,881.854029957205,0.0,0,0.7561693764351052,0.0,0.0,0.14127558047268102,0.0,0.0700959306361786,0.045779098753580855,1
42003484500,0.0,4396.0810074851,0.0,0,1.504090716435015,0.0,0.0,0.7042649634061603,0.0,0.14533477110746149,0.17718668545809743,3
42003191700,0.0,0.0,0.0,0,0.3736295251768665,0.0,0.0,0.0,0.0,0.03161346823882226,0.007903367059705565,1
42003451101,0.0,1944.4112667907,0.0,0,1.02849437700443,0.0,0.0,0.3115003402624444,0.0,0.0974910806049974,0.08667283820373822,2
42003480300,0.0,2704.68569813484,0.0,0,1.0817128906253402,0.0,0.0,0.43329851542289954,0.0,0.10284471746799018,0.11237088245157746,2
42003468900,0.0,0.0,0.0,0,0.4200925390383525,0.0,0.0,0.0,0.0,0.036287520309244224,0.009071880077311056,1
42003552000,0.0,0.0,0.0,0,0.6167365821583252,0.0,0.0,0.0,0.0,0.05606937302377364,0.01401734325594341,1
42003290400,0.0,3143.13458610605,0.0,1,0.5234170877781356,1.0,0.0,0.5035393025050202,0.0,0.04668168721374887,0.36237828230444125,4
42003980100,0.0,0.0,0.0,0,1.1976119475743177,0.0,0.0,0.0,0.0,0.11450384549415038,0.028625961373537595,1
42003470502,0.0,151.249726366252,0.0,0,0.7788257141582784,0.0,0.0,0.024230646073889767,0.0,0.07237509622278633,0.022939903270474536,1
42003040600,0.0,52.7845325469971,0.0,0,0.9912623458536562,0.0,0.0,0.008456235637907131,0.0,0.09374564013905852,0.025127657162346058,1
42003408001,0.0,2760.95789951284,0.0,0,1.3396817612828853,0.0,0.0,0.4423134857514224,0.0,0.12879568004643777,0.12066161716189393,2
42003010301,0.0,0.0,0.0,0,0.39814794987854407,0.0,0.0,0.0,0.0,0.03407995468074796,0.00851998867018699,1
42003101100,0.0,0.0,0.0,0,0.0624703045844005,0.0,0.0,0.0,0.0,0.0003117019871358348,7.79254967839587e-05,1
42003050900,0.0,0.0,0.0,0,0.3483695876721764,0.0,0.0,0.0,0.0,0.029072387637712277,0.007268096909428069,1
42003519000,0.0,837.864862992428,0.0,0,0.8570051581244355,0.0,0.0,0.13422838798237724,0.0,0.08023973438474064,0.04690561119266061,1
42003421200,0.0,3402.0343965456,0.0,0,1.3280820197630763,0.0,0.0,0.5450158051478551,0.0,0.12762877778674675,0.14091035547625771,2
42003413500,0.0,2215.53776593467,0.0,0,0.8389783800334378,0.0,0.0,0.3549355939970665,0.0,0.0784262898305313,0.09059369125704612,2
42003430100,0.0,0.0,0.0,0,0.48986566257968484,0.0,0.0,0.0,0.0,0.04330650563637775,0.010826626409094438,1
42003427000,0.0,2182.39918839419,0.0,1,0.5610948003223657,1.0,0.0,0.34962669749148784,0.0,0.05047196200847331,0.3325433300004159,4
42003110600,0.0,0.0,0.0,0,0.8710182265842242,0.0,0.0,0.0,0.0,0.08164941073166683,0.020412352682916707,1
42003460002,0.0,353.376540041994,0.0,0,0.21038565557296254,0.0,0.0,0.056611949510831205,0.0,0.015191581596244962,0.015120285301227481,1
42003488400,0.0,0.0,0.0,0,0.36187400180245466,0.0,0.0,0.0,0.0,0.030430894750781503,0.007607723687695376,1
42003451102,0.0,1452.3817243576,0.0,0,1.12518381134466,0.0,0.0,0.23267577649612908,0.0,0.10721777315475675,0.073339598587915,2
42003180300,0.0,0.0,0.0,0,0.522578043175265,0.0,0.0,0.0,0.0,0.046597281622348476,0.011649320405587119,1
42003290100,0.0,0.0,0.0,0,0.3503316986527427,0.0,0.0,0.0,0.0,0.029269770633969343,0.007317442658492336,1
42003407002,0.0,3310.56077801105,0.0,0,1.1326918707195461,0.0,0.0,0.5303614654074875,0.0,0.10797306338561986,0.13306555892790248,2
42003010302,0.0,0.0,0.0,0,0.2555050930873875,0.0,0.0,0.0,0.0,0.01973047356221326,0.004932618390553315,1
42003409001,0.0,0.0,0.0,0,1.3071651916919773,0.0,0.0,0.0,0.0,0.12552460211179295,0.03138115052794824,1
42003459102,0.0,5421.29752875865,0.0,0,1.4753710574763115,0.0,0.0,0.8685076319577031,0.0,0.1424456519939678,0.2093129393900326,3
42003477100,0.0,0.0,0.0,0,0.23249924245397358,0.0,0.0,0.0,0.0,0.017416147933111945,0.004354036983277986,1
42003552400,0.0,0.0,0.0,0,0.4877038504488321,0.0,0.0,0.0,0.0,0.04308903325078954,0.010772258312697385,1
42003526102,0.0,0.0,0.0,0,2.6763657509506635,0.0,0.0,0.0,0.0,0.26326243220401624,0.06581560805100406,2
42003456004,0.0,2153.6588934809,0.0,0,0.5438778356188855,0.0,0.0,0.3450224186551955,0.0,0.048739982465377224,0.08118947934738341,2
42003070300,0.0,0.0,0.0,0,0.36702406863030107,0.0,0.0,0.0,0.0,0.030948977382942833,0.007737244345735708,1
42003517000,0.0,0.0,0.0,0,0.58947528314616,0.0,0.0,0.0,0.0,0.05332696093079006,0.013331740232697516,1
42003413100,0.0,1032.81753558666,0.0,0,1.1514774276227078,0.0,0.0,0.16546037315206255,0.0,0.10986283901229386,0.06055778438348598,2
42003429400,0.0,0.0,0.0,0,0.6853028361652489,0.0,0.0,0.0,0.0,0.06296695057777285,0.015741737644443213,1
42003401300,0.0,371.451793690678,0.0,0,0.7600402305180703,0.0,0.0,0.059507657717247975,0.0,0.07048532796616502,0.029522863534990854,1
42003526302,0.0,17.4808346752543,0.0,0,0.38975431492607154,0.0,0.0,0.0028004805580050117,0.0,0.03323557796973803,0.00886899060403551,1
42003980000,0.0,0.0,0.0,0,0.532719047377338,0.0,0.0,0.0,0.0,0.047617438899019406,0.011904359724754851,1
42003090200,0.0,0.0,0.0,0,0.45943856897062096,0.0,0.0,0.0,0.0,0.040245623268644504,0.010061405817161126,1
