placeId,name,address,lat,lng,types
ChIJVXCC8-lXNIgRFUHoZ9xtz4c,ALDI,"3013 Washington Pike, Bridgeville",40.354106,-80.112892,"supermarket,grocery_or_supermarket,store,food,point_of_interest,establishment"
ChIJx5b0BvpXNIgRPHY1hgljO70,Giant Eagle Supermarket,"1025 Washington Pike, Bridgeville",40.367297,-80.1093798,"grocery_or_supermarket,supermarket,store,food,point_of_interest,establishment"
ChIJwd-gJflXNIgRjiM1q2y6D00,Fresh Thyme Market,"1155 Washington Pike, Bridgeville",40.3696873,-80.10456789999999,"grocery_or_supermarket,bakery,supermarket,store,health,food,point_of_interest,establishment"
ChIJHZEuFcv5NIgRx5ZEUOiKFIw,Trader Joe's,"1630 Washington Road, Pittsburgh",40.3513544,-80.0517205,"grocery_or_supermarket,supermarket,store,health,food,point_of_interest,establishment"
ChIJadD6SMz5NIgRsPk3wZhe_30,The Fresh Market,"1551 Washington Road, Mount Lebanon Township",40.354668,-80.049388,"grocery_or_supermarket,bakery,supermarket,store,food,point_of_interest,establishment"
ChIJt7HbHrb5NIgRhdNkAck109s,Market District Supermarket,"7000 Oxford Drive #288, Bethel Park",40.34692249999999,-80.0466498,"grocery_or_supermarket,supermarket,food,store,point_of_interest,establishment"
ChIJJcHArF_3NIgRDchQsLYMvgk,Castle Shannon Shop 'n Save,"799 Castle Shannon Boulevard, Pittsburgh",40.3688578,-80.0284875,"grocery_or_supermarket,pharmacy,supermarket,health,store,food,point_of_interest,establishment"
ChIJr7PkZ1D6NIgRDEZccteDHvk,Giant Eagle Supermarket,"5260 Grove Road, Pittsburgh",40.3573828,-80.002139,"grocery_or_supermarket,supermarket,food,store,point_of_interest,establishment"
ChIJves_M-3wNIgRyySNcNRqGhk,Giant Eagle Supermarket,"600 Towne Square Way, Pittsburgh",40.3657243,-79.98327069999999,"grocery_or_supermarket,supermarket,store,food,point_of_interest,establishment"
ChIJu9XktvDvNIgR_qa2lSryUs8,Shop 'n Save,"4647 Buttermilk Hollow Road, West Mifflin",40.3609965,-79.9065572,"grocery_or_supermarket,supermarket,food,store,point_of_interest,establishment"
ChIJL0gvNHbvNIgR2ZSS5ZUJArU,Village Shop 'n Save,"1886 Homeville Road, West Mifflin",40.3654089,-79.87321089999999,"grocery_or_supermarket,department_store,supermarket,store,food,point_of_interest,establishment"
ChIJIxkOk0n3NIgRM0lIRtIBwKA,ALDI,"3089 Sussex Avenue, Pittsburgh",40.38373139999999,-80.0142647,"supermarket,grocery_or_supermarket,store,food,point_of_interest,establishment"
ChIJD8xaSeH3NIgRSe1QEI_t0pk,Heidelberg Shop 'n Save,"2100 Washington Pike, Carnegie",40.3878714,-80.0931526,"grocery_or_supermarket,supermarket,store,food,point_of_interest,establishment"
ChIJ5x703Lz3NIgRXqsxGVTYH98,Giant Eagle Supermarket,"Greentree &, 1717 Cochran Road, Pittsburgh",40.39259149999999,-80.06546089999999,"grocery_or_supermarket,supermarket,store,food,point_of_interest,establishment"
ChIJISOT3L_3NIgRekQBJkKl7qY,Manpasand Spice Corner,"2101 Greentree Road A 101, Pittsburgh",40.3905299,-80.0693283,"supermarket,grocery_or_supermarket,store,food,point_of_interest,establishment"
ChIJt6ad_wXvNIgRZda7Xv8M5jk,Giant Eagle Supermarket,"1356 Hoffman Boulevard, West Mifflin",40.3843975,-79.8683695,"grocery_or_supermarket,supermarket,food,store,point_of_interest,establishment"
ChIJIf_JxsT3NIgRhW2-vAEL1kI,ALDI,"1160 Washington Avenue, Carnegie",40.39759599999999,-80.085244,"supermarket,grocery_or_supermarket,store,food,point_of_interest,establishment"
ChIJH5R7IQX3NIgRALFobKDOe4s,Kuhn's Market,"3125 Banksville Road, Pittsburgh",40.399876,-80.0433974,"supermarket,grocery_or_supermarket,store,food,point_of_interest,establishment"
ChIJJUTXuhz3NIgR2fV1Skrohc0,bp,"2900 Banksville Road, Pittsburgh",40.40335,-80.04078,"gas_station,supermarket,grocery_or_supermarket,store,food,point_of_interest,establishment"
ChIJx-TTfGv3NIgRnlF8qopRcOU,bp,"1530 Potomac Avenue, Pittsburgh",40.397202,-80.0354883,"gas_station,supermarket,grocery_or_supermarket,store,food,point_of_interest,establishment"
ChIJGQaf5ST3NIgRUNT38K9zPkc,bp,"2873 West Liberty Avenue, Pittsburgh",40.395529,-80.03317799999999,"gas_station,supermarket,grocery_or_supermarket,store,food,point_of_interest,establishment"
ChIJ9X4UwTr3NIgRvcIUkP2SQ6Q,Las Palmas Pittsburgh #1,"700 Brookline Boulevard, Pittsburgh",40.3946018,-80.02171849999999,"supermarket,grocery_or_supermarket,restaurant,food,store,point_of_interest,establishment"
ChIJrRaJeNDwNIgR77XGOLA5OJk,Amoco,"1709 Saw Mill Run Boulevard, Pittsburgh",40.39584,-79.99781,"gas_station,supermarket,grocery_or_supermarket,store,food,point_of_interest,establishment"
ChIJI5Ojgd3wNIgRsmEiiiQGHFM,bp,"1927 Brownsville Road, Pittsburgh",40.39545,-79.986936,"gas_station,supermarket,grocery_or_supermarket,food,store,point_of_interest,establishment"
ChIJC6wV3SDxNIgREhDG8A7MH4Q,Brownsville Shop 'n Save,"1119 Brownsville Road, Pittsburgh",40.4049229,-79.9897618,"grocery_or_supermarket,supermarket,store,food,point_of_interest,establishment"
ChIJs-z77SnuNIgRvvee4cqAobQ,bp,"431 West 7th Avenue, West Homestead",40.402266,-79.918081,"gas_station,supermarket,grocery_or_supermarket,store,food,point_of_interest,establishment"
ChIJg9hZR_fuNIgRHikbeumRXjE,Super Mart Braddock,"524 Braddock Avenue, Braddock",40.4038968,-79.86988989999999,"supermarket,grocery_or_supermarket,store,food,point_of_interest,establishment"
ChIJQdOC6sz3NIgR7BOvFrf8RcU,bp,"365 East Main Street, Carnegie",40.409669,-80.08323299999999,"gas_station,supermarket,grocery_or_supermarket,food,store,point_of_interest,establishment"
ChIJhcU2SOD3NIgRjxDzaRFKaWc,ALDI,"2515 Banksville Road, Pittsburgh",40.405938,-80.035849,"supermarket,grocery_or_supermarket,store,food,point_of_interest,establishment"
ChIJBXt_9fr2NIgRGQpvIOX3PwM,Shanthi Supermarket,"1008 Greentree Road, Pittsburgh",40.4164867,-80.0451666,"supermarket,grocery_or_supermarket,store,food,point_of_interest,establishment"
ChIJiR4h4Nf2NIgRExSKAbaAjdM,bp,"1829 West Liberty Avenue, Pittsburgh",40.405816,-80.018667,"gas_station,supermarket,grocery_or_supermarket,store,food,point_of_interest,establishment"
ChIJN7wvSNn2NIgRhNr8PnaYm_I,Las palmas Market on Broadway,"1616 Broadway Avenue, Pittsburgh",40.4102642,-80.02482650000002,"grocery_or_supermarket,supermarket,store,food,point_of_interest,establishment"
ChIJZ0bHUGvxNIgRWsZ3iLiai_k,HAZELWOOD MARKET,"5009 Second Avenue, Pittsburgh",40.4082541,-79.9433379,"supermarket,grocery_or_supermarket,store,food,point_of_interest,establishment"
ChIJK22nUCPuNIgR26JiAysHjEI,Giant Eagle Supermarket,"420 East Waterfront Drive, Homestead",40.4107703,-79.90878760000001,"grocery_or_supermarket,supermarket,store,food,point_of_interest,establishment"
ChIJ6U996yXuNIgRhtOX7feIoHg,ALDI,"127 East 7th Avenue, Homestead",40.407516,-79.912514,"supermarket,grocery_or_supermarket,store,food,point_of_interest,establishment"
ChIJXzIEjG3vNIgR95Hwjd89tRU,Target Grocery,"360 East Waterfront Drive, Homestead",40.4105034,-79.90989359999999,"grocery_or_supermarket,supermarket,store,food,point_of_interest,establishment"
ChIJU9j0SL7uNIgRUgXy6_HB284,Giant Eagle Supermarket,"254 Yost Boulevard-Braddock, Pittsburgh",40.4145589,-79.85567,"grocery_or_supermarket,supermarket,store,food,point_of_interest,establishment"
ChIJdauyj3bxNIgRgU4bRhg5s7Q,ALDI,"2628 East Carson Street, Pittsburgh",40.42694280000001,-79.9674936,"supermarket,grocery_or_supermarket,food,store,point_of_interest,establishment"
ChIJvQ_G6jLxNIgRsz7bPqCBpPQ,Amoco,"4071 Beechwood Boulevard, Pittsburgh",40.426725,-79.93826,"gas_station,supermarket,grocery_or_supermarket,store,food,point_of_interest,establishment"
ChIJs5BaEubxNIgRmo3qr4wm8LM,Giant Eagle Supermarket,"4250 Murray Avenue, Pittsburgh",40.4223198,-79.92940349999999,"grocery_or_supermarket,supermarket,store,food,point_of_interest,establishment"
ChIJ55g2E3DuNIgRy790OF-ioGM,Giant Eagle Supermarket,"1705 South Braddock Avenue, Pittsburgh",40.4257165,-79.8865572,"grocery_or_supermarket,supermarket,store,food,point_of_interest,establishment"
ChIJjz75bHDuNIgRyfZ8CqE-T1E,Giant Eagle,"1705 South Braddock Avenue, Pittsburgh",40.4257165,-79.8865572,"supermarket,grocery_or_supermarket,store,food,point_of_interest,establishment"
ChIJOX4Jgr7uNIgRXnJVCXI9VJI,ALDI,"2348 Ardmore Boulevard, Forest Hills",40.416161,-79.848821,"supermarket,grocery_or_supermarket,store,food,point_of_interest,establishment"
ChIJD5VCb7j2NIgRRI6AzFvNtz8,bp,"910 Saw Mill Run Boulevard, Pittsburgh",40.42669499999999,-80.022435,"gas_station,car_wash,supermarket,grocery_or_supermarket,food,store,point_of_interest,establishment"
ChIJTYKYWUvxNIgRgTBQ97F4VQY,Mt Washington Shop 'n Save,"125 Virginia Avenue, Pittsburgh",40.4295796,-80.0079019,"grocery_or_supermarket,supermarket,store,food,point_of_interest,establishment"
ChIJ2d_lV9j3NIgRo42zAkMo0uQ,Amoco,"304 Virginia Avenue, Pittsburgh",40.43133599999999,-80.01089,"gas_station,supermarket,grocery_or_supermarket,store,food,point_of_interest,establishment"
ChIJw6UeJELxNIgRWQ_pklHs2ZI,bp,"1006 East Carson Street, Pittsburgh",40.42852999999999,-79.988255,"gas_station,supermarket,grocery_or_supermarket,store,food,point_of_interest,establishment"
ChIJY5prgW_xNIgRF0-wHrBWf9g,Giant Eagle Supermarket,"2021 Wharton Street, Pittsburgh",40.4310117,-79.97684269999999,"grocery_or_supermarket,supermarket,food,store,point_of_interest,establishment"
ChIJsbes4CrxNIgRJr9F4ibQwzA,Amoco,"2401 East Carson Street, Pittsburgh",40.428297,-79.97080799999999,"gas_station,supermarket,grocery_or_supermarket,food,store,point_of_interest,establishment"
ChIJqxxSBv_xNIgRHpqI1G1fn18,Giant Eagle Supermarket,"1901 Murray Avenue, Pittsburgh",40.4354495,-79.9226013,"grocery_or_supermarket,supermarket,food,store,point_of_interest,establishment"
ChIJfb-mG__xNIgR6twavQA66HI,Murray Avenue Kosher,"1916 Murray Avenue, Pittsburgh",40.43556390000001,-79.9229944,"supermarket,grocery_or_supermarket,food,store,point_of_interest,establishment"
ChIJzwx6uVnxNIgRM7rLBE0SBok,bp,"1600 South Braddock Avenue, Pittsburgh",40.42725,-79.89085,"gas_station,supermarket,grocery_or_supermarket,store,food,point_of_interest,establishment"
ChIJ412AOCvsNIgR9RX1mBNGc7Y,bp,"625 Ardmore Boulevard, Pittsburgh",40.43709399999999,-79.873488,"gas_station,supermarket,grocery_or_supermarket,food,store,point_of_interest,establishment"
ChIJq9VEHij3NIgRJBLByM7weKU,bp,"4311 Steubenville Pike, Pittsburgh",40.4404065,-80.0930477,"gas_station,car_wash,supermarket,grocery_or_supermarket,store,food,point_of_interest,establishment"
ChIJddlQ2m32NIgRMBwbqSNjQGk,Giant Eagle Supermarket,"Ingram Shopping Center, 51 Walsh Rd Crafton, Pittsburgh",40.440628,-80.07212059999999,"grocery_or_supermarket,supermarket,food,store,point_of_interest,establishment"
ChIJE4z0cMXxNIgR8FzYeL4--h0,Target Grocery,"482 Smithfield Street, Pittsburgh",40.439803,-79.998569,"grocery_or_supermarket,supermarket,food,store,point_of_interest,establishment"
ChIJ36Blk2PxNIgR71Zgkh_hdDI,Quick Schwartz Super Market Inc,"1901 Fifth Avenue, Pittsburgh",40.438522,-79.9792757,"grocery_or_supermarket,supermarket,store,food,point_of_interest,establishment"
ChIJFWbuuADyNIgRYShQuP2H4RU,Food Shoppe,"5878 Northumberland Street, Pittsburgh",40.44156100000001,-79.920557,"supermarket,grocery_or_supermarket,store,food,point_of_interest,establishment"
ChIJMWsnJADyNIgRw4CWZZRWuTY,Panda Supermarket,"5816-5818 Forbes Avenue, Pittsburgh",40.4379242,-79.9222397,"supermarket,grocery_or_supermarket,store,food,point_of_interest,establishment"
ChIJDegvr53tNIgR3mmQRGc5NKU,ALDI,"401 Penn Avenue, Wilkinsburg",40.445452,-79.889206,"supermarket,grocery_or_supermarket,store,food,point_of_interest,establishment"
ChIJe96CpPvzNIgR1XLc9bffY6M,Giant Eagle Supermarket,"318-320 Cedar Avenue, Pittsburgh",40.4514625,-79.99960930000002,"grocery_or_supermarket,supermarket,store,food,point_of_interest,establishment"
ChIJuVURit3zNIgRpunVsdpgoOE,Lotus Food Company,"1649 Penn Avenue, Pittsburgh",40.44970259999999,-79.9862923,"supermarket,grocery_or_supermarket,store,food,point_of_interest,establishment"
ChIJgX5HVMjzNIgRbOZX3IGiepE,Many More Marketplace,"2767 Liberty Avenue, Pittsburgh",40.4560012,-79.975833,"supermarket,grocery_or_supermarket,store,food,point_of_interest,establishment"
ChIJbYyVTMPzNIgR5H5QfxE85Hs,WFH Oriental Market,"2306 Penn Avenue, Pittsburgh",40.4528612,-79.9811714,"supermarket,grocery_or_supermarket,store,food,point_of_interest,establishment"
ChIJ_TZ3jjryNIgRtqpEUTSzkZs,Bombay Food Market,"4605 Centre Avenue #1503, Pittsburgh",40.4521243,-79.95175239999999,"supermarket,grocery_or_supermarket,food,store,point_of_interest,establishment"
ChIJJ8WbBavzNIgRGXpEFO0XUhM,Fudi Asian Mart 福宝超市,"5020 Centre Avenue, Pittsburgh",40.4541858,-79.9436049,"supermarket,grocery_or_supermarket,food,store,point_of_interest,establishment"
ChIJS1VVVRDyNIgRZH6zaKD986M,Market District Supermarket,"5550 Centre Avenue, Pittsburgh",40.4565029,-79.9346192,"grocery_or_supermarket,supermarket,store,food,point_of_interest,establishment"
ChIJ0cXvQA3yNIgRxeZU65tOynE,Tokyo Japanese Food Store,"5855 Ellsworth Avenue, Pittsburgh",40.4575615,-79.9292598,"grocery_or_supermarket,supermarket,food,store,point_of_interest,establishment"
ChIJGU03RBPyNIgRsceo17xVpJc,ALDI,"5631 Baum Boulevard, Pittsburgh",40.45827519999999,-79.934899,"supermarket,grocery_or_supermarket,food,store,point_of_interest,establishment"
ChIJ1zoyg4rtNIgRSxPRbL-pIKM,Trader Joe's,"6343 Penn Avenue, Pittsburgh",40.4592363,-79.9191827,"grocery_or_supermarket,supermarket,food,health,store,point_of_interest,establishment"
ChIJEy_NC_b1NIgR8S7dQjH5BWw,Giant Eagle Supermarket,"1800 McKees Rocks Road, McKees Rocks",40.4678497,-80.09736629999999,"grocery_or_supermarket,supermarket,store,food,point_of_interest,establishment"
ChIJZaSGOcv1NIgR66Te3ET9gig,ALDI,"114 Chartiers Avenue, McKees Rocks",40.465765,-80.055964,"supermarket,grocery_or_supermarket,store,food,point_of_interest,establishment"
ChIJWyvma2v0NIgRYOi1LBrBA1w,Kuhn's Market,"1130 Highwood Street, Pittsburgh",40.468347,-80.0266654,"grocery_or_supermarket,supermarket,store,food,point_of_interest,establishment"
ChIJl3h2oknyNIgRCj8_7YNbIDQ,bp,"4006 Liberty Avenue, Pittsburgh",40.462871,-79.957021,"gas_station,supermarket,grocery_or_supermarket,store,food,point_of_interest,establishment"
ChIJRe1uJ2ryNIgRBggOzYdROvs,ALDI,"5200 Penn Avenue, Pittsburgh",40.464522,-79.939418,"supermarket,grocery_or_supermarket,store,food,point_of_interest,establishment"
ChIJuzJXK3fzNIgRRGhy1I7o2eI,Whole Foods Market,"5700 Penn Avenue, Pittsburgh",40.4625517,-79.9288163,"grocery_or_supermarket,supermarket,liquor_store,health,store,food,point_of_interest,establishment"
ChIJ6RDkZ13zNIgRB4KfciY0JZA,Target Grocery,"6231 Penn Avenue, Pittsburgh",40.4609075,-79.9212089,"grocery_or_supermarket,supermarket,food,store,point_of_interest,establishment"
ChIJadbpTU7sNIgR9TDt5uvYOsY,bp,"8936 Frankstown Road, Pittsburgh",40.46092,-79.86715,"gas_station,supermarket,grocery_or_supermarket,food,store,point_of_interest,establishment"
ChIJq6L-2k_sNIgR727Uz6D8wXc,Giant Eagle Supermarket,"9001 Frankstown Road, Pittsburgh",40.4624143,-79.86536459999999,"grocery_or_supermarket,supermarket,food,store,point_of_interest,establishment"
ChIJO4g7_Yr1NIgRcEtE6TXEoV4,bp,"2 Heckel Road, McKees Rocks",40.4743783,-80.0949558,"gas_station,car_wash,supermarket,grocery_or_supermarket,store,food,point_of_interest,establishment"
ChIJpUwLa7f1NIgRvy_idPPD1oE,bp,"801 Island Avenue, McKees Rocks",40.47373,-80.06329,"gas_station,supermarket,grocery_or_supermarket,food,store,point_of_interest,establishment"
ChIJWc81avf0NIgRtCY_9PDFxJg,Giant Eagle Supermarket,"4110 Brighton Road, Pittsburgh",40.4892217,-80.0442083,"grocery_or_supermarket,supermarket,store,food,point_of_interest,establishment"
ChIJB5uj-gTzNIgR0sIgYUONhZs,bp,"1001 Evergreen Road Pittsburgh, Millvale",40.49045,-79.9717,"gas_station,supermarket,grocery_or_supermarket,store,food,point_of_interest,establishment"
ChIJLfcRf5bzNIgR3cpSjuiWFio,ALDI,"450 56th Street, Pittsburgh",40.483331,-79.948527,"supermarket,grocery_or_supermarket,store,food,point_of_interest,establishment"
ChIJ327s1hvtNIgRAfVeZ5GUoIs,bp,"100 Fox Chapel Road, Pittsburgh",40.489103,-79.883029,"gas_station,supermarket,grocery_or_supermarket,store,food,point_of_interest,establishment"
ChIJOeshiQT1NIgR9Fed4LhUIgk,Kuhn's Market,"661 Lincoln Avenue, Bellevue",40.49719399999999,-80.060188,"grocery_or_supermarket,supermarket,food,store,point_of_interest,establishment"
ChIJdd7vMQ_1NIgRPLtLfNx3oBY,bp,"901 Ohio River Boulevard, Pittsburgh",40.49564000000001,-80.066724,"gas_station,supermarket,grocery_or_supermarket,food,store,point_of_interest,establishment"
ChIJA6JJtGLzNIgRICd2GWO1Nak,bp,"4260 Evergreen Road, Pittsburgh",40.495281,-80.00787100000001,"gas_station,supermarket,grocery_or_supermarket,store,food,point_of_interest,establishment"
ChIJfbwbwhbzNIgRTx0w1Qdw7dU,SHOP 'n SAVE,"1620 Babcock Boulevard, Millvale",40.49912399999999,-79.97912110000001,"grocery_or_supermarket,supermarket,store,food,point_of_interest,establishment"
ChIJQdXg6ZjyNIgRcYwG-H_nabQ,Amoco,"1501 North Canal Street, Pittsburgh",40.496634,-79.926272,"gas_station,supermarket,grocery_or_supermarket,food,store,point_of_interest,establishment"
ChIJsyjq4WD1NIgRZMHid5nSI40,bp,"8136 Ohio River Boulevard, Pittsburgh",40.51082999999999,-80.09412800000001,"gas_station,supermarket,grocery_or_supermarket,store,food,point_of_interest,establishment"
ChIJ_SP0Fo9fNIgRbLoiihFiUFE,"All American Grating, Inc.","3001 Grand Avenue, Pittsburgh",40.50363240000001,-80.1011323,"supermarket,grocery_or_supermarket,store,food,point_of_interest,establishment"
ChIJgZjhPs_yNIgRBGH8nwrwm8s,SHOP 'n SAVE,"917 Butler Street, Pittsburgh",40.5120178,-79.95008229999999,"grocery_or_supermarket,supermarket,food,store,point_of_interest,establishment"
ChIJC_HZtMHyNIgRL5r20NAHXJU,ALDI,"880 Butler Street, Pittsburgh",40.511982,-79.94504100000002,"supermarket,grocery_or_supermarket,food,store,point_of_interest,establishment"
ChIJxWAZULrsNIgRBlAa1Dkq7I4,Giant Eagle Supermarket,"200 Allegheny River Boulevard, Verona",40.4992036,-79.8445572,"grocery_or_supermarket,supermarket,food,store,point_of_interest,establishment"
ChIJIWKj6TD1NIgR1BjlokoX4O0,Giant Eagle Supermarket,"132 Ben Avon Heights Road, Pittsburgh",40.5216658,-80.0690333,"grocery_or_supermarket,supermarket,food,store,point_of_interest,establishment"
ChIJ-YxLR8b0NIgROSHL_OWgzbA,Giant Eagle Supermarket,"Park SC, 1029 West View Park Drive, West View",40.51686029999999,-80.0389965,"grocery_or_supermarket,supermarket,store,food,point_of_interest,establishment"
ChIJ1a4xW670NIgRs_ZIqK2A6aU,Shop 'n Save,"184 Rochester Road, West View",40.51996870000001,-80.0179282,"grocery_or_supermarket,supermarket,food,store,point_of_interest,establishment"
ChIJgy0rNlTzNIgR1XHsfog8CYY,bp,"4775 McKnight Road, Pittsburgh",40.521684,-80.005517,"gas_station,supermarket,grocery_or_supermarket,store,food,point_of_interest,establishment"
