GEOID,LILA,areaSqMi,groceryCount,restaurantCount,fastFoodCount,foodBankCount,farmersMarketCount,convenienceCount,groceryDensity,fastFoodDensity,restaurantDensity,convenienceDensity,fastFoodShare,FAVI_0_100
42003472200,0,0.2531971524615395,0,14,5,0,0,1,0.0,19.747457470950415,55.29288091866117,3.949491494190083,0.2631578947368421,53.46759805162535
42003482500,0,1.0186871147074656,1,13,3,0,0,2,0.9816556875632692,2.9449670626898072,12.7615239383225,1.9633113751265383,0.1875,41.49969800749323
42003560400,0,0.19838672932260887,1,3,0,0,0,2,5.040659742788735,0.0,15.121979228366206,10.08131948557747,0.0,22.905798159764824
42003473200,0,0.28025333462453206,0,11,2,0,0,1,0.0,7.136400366759203,39.25020201717561,3.5682001833796013,0.15384615384615385,46.568163375913734
42003473500,0,0.9178660463217385,0,9,3,0,0,1,0.0,3.2684507854084117,9.805352356225235,1.0894835951361372,0.25,46.46506648872034
42003191100,0,0.6173997062552099,1,4,0,0,0,0,1.6196962678609332,0.0,6.478785071443733,0.0,0.0,33.71085857940956
42003489001,0,1.4290062747531151,1,19,6,0,0,7,0.6997869902095194,4.198721941257117,13.295952813980868,4.898508931466636,0.24,44.82497097925596
42003492700,1,1.703900355915367,0,7,0,0,0,2,0.0,0.0,4.108221455379337,1.1737775586798107,0.0,50.28854461500545
42003100500,0,0.27702981176030717,0,0,0,1,0,0,0.0,0.0,0.0,0.0,0.0,40.0
42003051100,0,0.07563986541733715,0,0,0,0,0,0,0.0,0.0,0.0,0.0,0.0,40.0
42003515100,0,0.4201411085075646,0,5,3,1,0,5,0.0,7.140458144304595,11.900763573840992,11.900763573840992,0.375,53.04108437110662
42003040900,0,0.35296055093676637,0,1,0,1,0,2,0.0,0.0,2.833177807961752,5.666355615923504,0.0,41.39293547366803
42003447000,0,1.5051542428576885,0,1,1,1,0,0,0.0,0.6643837365806432,0.6643837365806432,0.0,0.5,50.24336578896863
42003431400,0,0.26608095536186926,0,0,0,0,0,0,0.0,0.0,0.0,0.0,0.0,40.0
42003428100,0,0.3591059367340306,0,0,0,0,0,0,0.0,0.0,0.0,0.0,0.0,40.0
42003262000,1,0.6323907946839157,0,0,0,0,0,0,0.0,0.0,0.0,0.0,0.0,50.0
42003980400,0,0.43994471214840114,0,0,0,0,0,0,0.0,0.0,0.0,0.0,0.0,40.0
42003981100,0,0.33977297751126456,0,0,0,0,0,0,0.0,0.0,0.0,0.0,0.0,40.0
42003450800,0,0.64546613753696,0,12,1,2,0,2,0.0,1.5492679504705062,18.591215405646075,3.0985359009410125,0.07692307692307693,42.867662672562304
42003486700,0,1.0442912258330013,0,6,1,1,0,2,0.0,0.9575872852923077,5.7455237117538465,1.9151745705846155,0.14285714285714285,43.6787090072878
42003471000,0,0.2883837251197006,0,2,1,0,0,2,0.0,3.4676020624427606,6.935204124885521,6.935204124885521,0.3333333333333333,49.6417108432465
42003490002,0,3.1899204461732937,1,8,1,2,0,2,0.31348744173216747,0.31348744173216747,2.5078995338573398,0.6269748834643349,0.1111111111111111,41.273935330848154
42003488200,0,1.229970732853439,1,12,1,1,0,2,0.813027475605111,0.813027475605111,9.756329707261333,1.626054951210222,0.07692307692307693,39.079086154289136
42003524000,0,0.5985758602076376,1,12,1,0,0,1,1.6706320225695601,1.6706320225695601,20.047584270834722,1.6706320225695601,0.07692307692307693,36.074182744124144
42003522000,1,0.5104283587581842,0,4,0,1,0,3,0.0,0.0,7.836555182262127,5.877416386696595,0.0,51.444819621899626
42003464400,0,0.7184044231170508,2,11,3,3,0,1,2.783947224771105,4.175920837156657,15.311709736241076,1.3919736123855524,0.21428571428571427,35.34772178578001
42003484300,0,0.9174761323914846,0,7,1,0,0,0,0.0,1.089946609720963,7.62962626804674,0.0,0.125,42.89925076729542
42003191400,0,0.3744545234658459,1,11,1,0,0,1,2.6705512614570144,2.6705512614570144,29.37606387602716,2.6705512614570144,0.08333333333333333,32.93186664486058
42003281500,0,0.23732858444810875,0,2,0,3,0,1,0.0,0.0,8.42713491360875,4.213567456804375,0.0,41.03580290033022
42003480102,0,0.6479606942733116,0,2,0,0,0,0,0.0,0.0,3.086606977361492,0.0,0.0,40.0
42003457100,0,0.357644392838097,0,7,1,2,0,0,0.0,2.796073474169334,19.572514319185338,0.0,0.125,43.524210241144075
42003492800,1,0.6291469940562038,1,3,0,2,1,1,1.5894536721106336,0.0,4.768361016331901,1.5894536721106336,0.0,44.21901643983301
42003499300,1,0.9189302135193939,0,2,1,0,0,1,0.0,1.0882219185830428,2.1764438371660857,1.0882219185830428,0.3333333333333333,57.33279851969474
42003141300,0,0.34380576796557755,1,21,1,1,0,0,2.908619031953303,2.908619031953303,61.080999671019356,0.0,0.045454545454545456,30.68060918044938
42003080600,0,0.15623960726029493,0,2,3,0,0,0,0.0,19.201277144802372,12.80085142986825,0.0,0.6,59.0334863788208
42003060500,0,0.25616886936293326,0,1,1,1,0,0,0.0,3.903674956628811,3.903674956628811,0.0,0.5,51.429928042168015
42003130200,0,0.13493022921139336,0,2,0,0,0,3,0.0,0.0,14.822475376267443,22.23371306440116,0.0,45.465616656979456
42003516200,0,0.32277909136291744,0,1,0,0,0,2,0.0,0.0,3.0980941044773176,6.196188208954635,0.0,41.523181907877806
42003513800,0,0.6574282337192845,1,6,0,2,0,2,1.5210785736150638,0.0,9.126471441690382,3.0421571472301276,0.0,34.84162282736276
42003420000,1,0.44340967001150855,0,9,3,0,0,0,0.0,6.765752311901849,20.297256935705548,0.0,0.25,57.47831570626115
42003414101,0,3.7224727479835082,2,19,7,0,0,2,0.5372772711589132,1.880470449056196,5.104134076009675,0.5372772711589132,0.2692307692307692,44.119312498823
42003434000,0,0.4574021246050719,0,0,0,0,0,2,0.0,0.0,0.0,4.3725201358144785,0.0,41.07487754375809
42003431100,0,0.35085000647221526,0,6,1,0,0,2,0.0,2.8502208395404223,17.101325037242535,5.7004416790808445,0.14285714285714285,45.30250214518867
42003428200,0,1.7011498556499982,0,1,0,0,0,0,0.0,0.0,0.5878376891246342,0.0,0.0,40.0
42003270100,0,0.4553314902883108,0,2,0,0,0,0,0.0,0.0,4.3924043090751805,0.0,0.0,40.0
42003405000,0,9.332300595765274,1,17,9,0,0,1,0.10715471386056412,0.9643924247450771,1.82163013562959,0.10715471386056412,0.34615384615384615,46.886605639540576
42003470501,0,0.4344263546920816,0,8,1,0,1,1,0.0,2.3018861291433232,18.415089033146586,2.3018861291433232,0.1111111111111111,43.631272753627066
42003980800,0,0.19561736845394154,0,1,0,0,0,0,0.0,0.0,5.112020511795464,0.0,0.0,40.0
42003980500,0,0.6244843095567436,0,0,0,0,0,0,0.0,0.0,0.0,0.0,0.0,40.0
42003982200,0,0.18973245682494483,0,13,4,0,0,0,0.0,21.082318054261897,68.51753367635116,0.0,0.23529411764705882,52.42839975375676
42003458002,0,6.82011750506461,0,1,0,0,0,1,0.0,0.0,0.1466250397089788,0.1466250397089788,0.0,40.03604419365504
42003564800,0,0.3110839924897142,0,4,0,1,1,0,0.0,0.0,12.858263673378366,0.0,0.0,40.0
42003563202,0,0.227518719797728,1,16,2,0,0,3,4.3952427338244275,8.790485467648855,70.32388374119084,13.185728201473284,0.1111111111111111,31.617244047933145
42003980900,0,0.8978440089755104,0,0,0,0,0,0,0.0,0.0,0.0,0.0,0.0,40.0
42003488600,0,4.965811006654184,3,25,9,0,0,4,0.6041309256393369,1.8123927769180108,5.034424380327808,0.8055079008524493,0.2647058823529412,43.81022867217986
42003552300,0,0.31736632940784726,0,1,0,0,0,3,0.0,0.0,3.1509328726391157,9.452798617917347,0.0,42.323740233199466
42003455000,0,0.4704800265569066,0,3,0,0,0,1,0.0,0.0,6.3764662273864605,2.1254887424621534,0.0,40.52249962214471
42003468800,0,0.42234953987594964,0,4,1,3,0,3,0.0,2.3677070899466703,9.470828359786681,7.1031212698400115,0.2,46.61342763263002
42003494000,1,0.4217866053413022,1,5,0,0,0,1,2.370867133608517,0.0,11.854335668042586,2.370867133608517,0.0,41.37694658031086
42003515300,0,0.3836512929138315,0,9,1,1,0,5,0.0,2.606533637368977,23.45880273632079,13.032668186844885,0.1,46.158545168004814
42003412002,0,3.159368809273785,0,1,0,0,1,0,0.0,0.0,0.31651891892604356,0.0,0.0,40.0
42003429201,0,1.8152422915557564,1,29,8,0,0,0,0.5508906467482907,4.4071251739863255,15.975828755700432,0.0,0.21621621621621623,43.799606675644256
42003472100,0,0.21048001214654358,1,3,1,1,0,0,4.751044955773591,4.751044955773591,14.253134867320773,0.0,0.25,28.292422971787506
42003562800,1,0.6850593375262691,0,7,0,0,0,1,0.0,0.0,10.21809296881758,1.45972756697394,0.0,50.358838457687895
42003481000,0,0.3396166662265746,0,8,1,0,0,2,0.0,2.9444962495829103,23.555969996663283,5.888992499165821,0.1111111111111111,44.74846550577586
42003140300,0,0.3680298920793333,1,5,1,0,0,1,2.717170592720327,2.717170592720327,13.585852963601635,2.717170592720327,0.16666666666666666,34.44605148441817
42003418000,0,0.5534119089988603,0,3,2,0,0,2,0.0,3.6139446359549137,5.4209169539323705,3.6139446359549137,0.4,50.21219918104946
42003552200,0,0.40685078000423136,0,1,0,0,0,1,0.0,0.0,2.457903607778753,2.457903607778753,0.0,40.60421571786113
42003499400,1,0.8702292535530187,0,5,0,1,0,5,0.0,0.0,5.745612411425761,5.745612411425761,0.0,51.412418825837825
42003040500,0,0.18315152491626596,0,21,10,0,0,3,0.0,54.599600000992865,114.65916000208502,16.37988000029786,0.3225806451612903,70.47820732358355
42003980700,0,0.41410703087392303,0,6,1,0,0,0,0.0,2.4148346331855812,14.489007799113486,0.0,0.14285714285714285,43.741704148119965
42003483800,0,0.6375022749530947,3,25,5,5,0,3,4.705865559806402,7.843109266344003,39.21554633172001,4.705865559806402,0.16666666666666666,29.090638999093382
42003525200,0,0.543121475316432,0,12,4,0,1,0,0.0,7.36483490672051,22.09450472016153,0.0,0.25,47.697761487844815
42003090300,0,0.09707285164175024,1,11,1,0,1,1,10.30154139996345,10.30154139996345,113.31695539959794,10.30154139996345,0.08333333333333333,7.972535666932816
42003510000,1,0.38711564410430044,0,2,1,1,0,5,0.0,2.583207409025739,5.166414818051478,12.916037045128695,0.3333333333333333,60.787996441486506
42003426800,0,2.003827841104408,0,7,1,0,0,3,0.0,0.4990448677711009,3.4933140743977065,1.4971346033133028,0.125,43.050835723258565
42003180700,0,0.15375092943256582,0,2,1,0,0,1,0.0,6.504025723230464,13.008051446460929,6.504025723230464,0.3333333333333333,50.647967385916125
42003501000,0,0.5395107866485753,0,5,1,0,0,1,0.0,1.8535310595214782,9.26765529760739,1.8535310595214782,0.16666666666666666,44.4679328651382
42003020100,0,0.734930221302045,1,45,30,3,1,21,1.360673395942736,40.82020187828208,61.230302817423116,28.574141314797455,0.4,64.69344303970146
42003564700,0,0.3531279349578049,1,8,0,5,0,4,2.831834870609966,0.0,22.65467896487973,11.327339482439864,0.0,31.788778982874806
42003562000,0,0.23474072913626406,1,6,11,0,0,1,4.260019144012765,46.86021058414042,25.560114864076592,4.260019144012765,0.6470588235294118,54.61214818492914
42003475102,0,0.7053385673471104,0,5,1,1,0,1,0.0,1.4177588555254503,7.088794277627251,1.4177588555254503,0.16666666666666666,44.20118419853905
42003190300,0,0.3048585482913766,1,3,0,0,0,1,3.2802098074816772,0.0,9.840629422445032,3.2802098074816772,0.0,28.069586862654898
42003486900,0,0.3703407710417296,0,2,0,0,0,0,0.0,0.0,5.400431592703689,0.0,0.0,40.0
42003080200,0,0.13220124169086636,0,6,1,0,0,0,0.0,7.564225473300444,45.385352839802664,0.0,0.14285714285714285,45.62794171763374
42003980300,0,0.49633335787696004,0,0,0,0,0,0,0.0,0.0,0.0,0.0,0.0,40.0
42003523502,0,1.8438131384503973,1,2,0,3,0,1,0.5423543086586495,0.0,1.084708617317299,0.5423543086586495,0.0,38.027409419251605
42003498000,1,1.4659895735970332,0,1,0,0,0,3,0.0,0.0,0.6821330915378508,2.0463992746135524,0.0,50.503057403401804
42003456003,0,12.206811711861265,0,10,4,0,1,0,0.0,0.3276858932880263,0.8192147332200657,0.0,0.2857142857142857,45.83431805638422
42003449000,0,2.2824211750955175,0,1,0,0,0,0,0.0,0.0,0.4381312313920987,0.0,0.0,40.0
42003469000,0,2.0637294391430485,1,25,6,1,1,4,0.48455964286444647,2.9073578571866787,12.113991071611162,1.9382385714577859,0.1935483870967742,43.530907068790384
42003491200,0,3.9897711438725847,0,3,1,1,0,1,0.0,0.2506409425352081,0.7519228276056243,0.2506409425352081,0.25,45.153424510795624
42003470400,0,0.7003510578585744,0,0,0,0,0,2,0.0,0.0,0.0,2.8557106861740054,0.0,40.702006895953765
42003490004,0,3.1453827307825843,0,1,0,1,0,0,0.0,0.0,0.3179263338014181,0.0,0.0,40.0
42003488300,0,2.388652279689937,1,2,0,0,0,2,0.4186461162651128,0.0,0.8372922325302256,0.8372922325302256,0.0,38.580261002281595
42003561500,1,0.4933129920246947,0,1,0,0,0,1,0.0,0.0,2.027110609626801,2.027110609626801,0.0,50.498315755061874
42003523600,0,1.936357674157323,0,4,0,1,0,1,0.0,0.0,2.065734060077897,0.5164335150194742,0.0,40.12695259733437
42003523400,0,1.2518186865590442,2,17,7,0,0,7,1.5976754632873638,5.591864121505773,13.580241437942592,5.591864121505773,0.2916666666666667,43.05263724118421
42003521302,0,3.068294968484015,3,4,1,2,1,3,0.9777417200153483,0.32591390667178277,1.303655626687131,0.9777417200153483,0.2,40.56325016102357
42003521301,1,2.9682259602736556,1,30,8,1,0,9,0.33690157467250403,2.6952125973800323,10.107047240175122,3.032114172052536,0.21052631578947367,54.635002442195166
42003560500,0,0.17847531571187872,0,0,0,1,0,0,0.0,0.0,0.0,0.0,0.0,40.0
42003552100,0,0.3043038535733291,0,0,0,4,0,1,0.0,0.0,0.0,3.286189077980331,0.0,40.80782952044799
42003551900,0,0.8551512470783126,0,12,5,2,0,6,0.0,5.846918912979277,14.032605391150263,7.016302695575131,0.29411764705882354,49.74888424435255
42003551300,0,1.543236104805734,1,4,1,0,2,1,0.6479889868348319,0.6479889868348319,2.5919559473393274,0.6479889868348319,0.2,41.880567095631434
42003551200,0,0.5021367315734552,0,3,0,1,0,2,0.0,0.0,5.974468329770343,3.9829788865135622,0.0,40.979118318360484
42003526201,0,2.3876464989244557,0,4,1,0,1,2,0.0,0.41882246825502106,1.6752898730200843,0.8376449365100421,0.2,44.35933054680593
42003525300,0,0.702081921931333,0,6,1,0,0,3,0.0,1.4243352075625797,8.546011245375478,4.273005622687739,0.14285714285714285,44.429295512924156
42003451300,0,12.169561766089378,0,3,1,0,0,1,0.0,0.08217222766283264,0.2465166829884979,0.08217222766283264,0.25,45.05029997773961
42003473602,0,0.9398921662542331,0,2,0,0,1,0,0.0,0.0,2.12790368066438,0.0,0.0,40.0
42003484600,0,0.4728487545481323,0,3,1,0,0,3,0.0,2.1148411418691975,6.344523425607592,6.344523425607592,0.25,47.334319267045935
42003170200,0,0.5369170607963193,2,36,9,1,0,7,3.7249701043839702,16.762365469727868,67.04946187891147,13.037395365343896,0.2,38.881292790263
42003191800,0,0.5534318523372997,1,11,1,0,0,1,1.8069072023533093,1.8069072023533093,19.8759792258864,1.8069072023533093,0.08333333333333333,35.75666100667184
42003290200,0,0.5669762907804073,2,3,1,2,1,2,3.5274843631417556,1.7637421815708778,5.291226544712633,3.5274843631417556,0.25,32.81629157756492
42003320400,1,0.3337523258705492,0,1,0,0,0,0,0.0,0.0,2.996233801192639,0.0,0.0,50.0
42003480400,0,1.9363426088649691,0,1,0,0,0,0,0.0,0.0,0.5164375330180708,0.0,0.0,40.0
42003480200,0,1.1863722642777066,0,9,1,1,0,1,0.0,0.8429057473025343,7.586151725722809,0.8429057473025343,0.1,42.51596678746349
42003475304,0,1.6820152057062425,0,3,1,0,0,2,0.0,0.594524946390197,1.783574839170591,1.189049892780394,0.25,45.51007524731474
42003457200,0,0.7381861729421503,0,6,1,0,0,1,0.0,1.3546718113322984,8.12803086799379,1.3546718113322984,0.14285714285714285,43.686376332887086
42003476200,0,0.6664742679555663,0,6,1,0,0,5,0.0,1.5004330220693078,9.002598132415846,7.502165110346539,0.14285714285714285,45.250980559594076
42003496200,0,5.81589852980461,0,2,0,0,0,5,0.0,0.0,0.343884954276737,0.8597123856918424,0.0,40.211339344078
42003151600,0,0.3163950074928947,0,5,0,0,0,0,0.0,0.0,15.80303064710111,0.0,0.0,40.0
42003141100,0,0.5342773261631599,0,0,0,0,0,0,0.0,0.0,0.0,0.0,0.0,40.0
42003090100,0,0.31614222392155356,0,16,0,1,2,3,0.0,0.0,50.61013300131078,9.489399937745771,0.0,42.33273777592848
42003080700,0,0.10690904781756376,1,0,1,0,0,0,9.353745266784737,9.353745266784737,0.0,0.0,1.0,27.10651635548713
42003140400,0,0.32223032461214346,0,2,0,0,0,0,0.0,0.0,6.2067404810746005,0.0,0.0,40.0
42003140100,0,0.5657686161849927,0,5,0,1,0,1,0.0,0.0,8.837535092906462,1.7675070185812922,0.0,40.43449853715859
42003111500,0,0.3710984129324602,3,28,5,2,1,2,8.084108946448119,13.473514910746866,75.45168350018244,5.389405964298746,0.15151515151515152,17.900646446890512
42003521100,0,1.8006439015257019,0,3,0,1,0,0,0.0,0.0,1.666070674750334,0.0,0.0,40.0
42003512000,1,0.48440914309240407,0,3,2,0,0,1,0.0,4.128741227368798,6.193111841053197,2.064370613684399,0.4,60.01984572281501
42003508000,0,0.43050441407512186,0,6,0,1,0,1,0.0,0.0,13.937139327340361,2.322856554556727,0.0,40.57101769009904
42003421100,0,3.6847675934686555,1,17,0,2,0,4,0.27138753656337117,0.0,4.61358812157731,1.0855501462534847,0.0,39.2130815722546
42003419000,0,6.318865025966177,0,28,6,1,0,2,0.0,0.9495376108437414,4.431175517270793,0.3165125369479138,0.17647058823529413,43.955037183218316
42003414102,0,7.001394207946378,0,12,3,0,0,3,0.0,0.428486085899161,1.713944343596644,0.428486085899161,0.2,44.26228862470295
42003413201,0,1.4647552155952002,2,11,3,0,0,2,1.3654158583673683,2.0481237875510527,7.5097872210205265,1.3654158583673683,0.21428571428571427,40.06981005551301
42003050600,0,0.30805225637807393,0,0,0,0,0,1,0.0,0.0,0.0,3.246202484466452,0.0,40.79799979066186
42003050100,0,0.3064131555216808,0,0,0,0,0,6,0.0,0.0,0.0,19.58140468800942,0.0,44.813611263212664
42003040400,0,0.07483169396361021,0,4,1,0,0,2,0.0,13.363321702783963,53.453286811135854,26.726643405567927,0.2,55.46511961168456
42003040200,0,0.23001145902917464,0,0,2,1,0,0,0.0,8.695218961879286,0.0,0.0,1.0,63.18508522469806
42003020300,0,0.736304286274239,3,23,7,2,1,1,4.074402466377386,9.5069390882139,31.237085575559956,1.3581341554591284,0.23333333333333334,32.66239699603263
42003445500,0,1.1326054049084953,1,17,1,3,1,0,0.8829200316952323,0.8829200316952323,15.009640538818948,0.0,0.05555555555555555,38.006224801548086
42003437000,0,6.841944254677548,2,11,3,1,0,3,0.2923145710567116,0.43847185658506743,1.607730140811914,0.43847185658506743,0.21428571428571427,43.41908312754885
42003432400,0,0.351851716611631,1,8,4,0,0,1,2.8421063555696278,11.368425422278511,22.736850844557022,2.8421063555696278,0.3333333333333333,40.49396342919873
42003429600,0,1.3341060521888601,0,0,0,0,0,0,0.0,0.0,0.0,0.0,0.0,40.0
42003427100,0,2.4218962745824753,0,0,0,0,0,0,0.0,0.0,0.0,0.0,0.0,40.0
42003426700,0,1.4465701353101932,2,9,4,0,0,2,1.3825807343735415,2.765161468747083,6.221613304680936,1.3825807343735415,0.3076923076923077,42.13816484119482
42003260700,0,0.25454974898488175,0,0,0,0,0,0,0.0,0.0,0.0,0.0,0.0,40.0
42003250900,0,0.2506392268684688,0,0,0,0,0,1,0.0,0.0,0.0,3.989798454512402,0.0,40.980794743001745
42003406000,0,12.880075689835813,0,0,0,0,0,0,0.0,0.0,0.0,0.0,0.0,40.0
42003451105,0,3.5890922406051655,2,34,14,2,0,2,0.5572439675339119,3.9007077727373836,9.473147448076503,0.5572439675339119,0.2916666666666667,45.23542890022868
42003474102,0,1.8336917877101533,2,10,5,0,1,2,1.0906958374381588,2.7267395935953966,5.453479187190793,1.0906958374381588,0.3333333333333333,43.69852248537613
42003562600,1,0.8895187977458686,0,5,0,0,1,2,0.0,0.0,5.6210166807834865,2.248406672313395,0.0,50.552716000438814
42003561900,1,0.4189942050052148,0,1,0,0,0,0,0.0,0.0,2.3866678537655526,0.0,0.0,50.0
42003564500,0,6.574385654006814,0,5,2,1,0,3,0.0,0.304210933957165,0.7605273348929125,0.4563164009357475,0.2857142857142857,45.93789337671071
42003489002,0,1.3297870265737308,0,13,4,0,0,3,0.0,3.008000469297869,9.776001525218074,2.2560003519734018,0.23529411764705882,46.362304820314264
42003130600,0,0.528903569915524,0,1,0,2,0,2,0.0,0.0,1.8907038199037285,3.781407639807457,0.0,40.92956693841896
42003562700,0,0.351621863440395,0,6,5,0,0,0,0.0,14.21982111999009,17.06378534398811,0.0,0.45454545454545453,54.29967293523451
42003565300,0,2.5310173956737922,0,0,0,0,0,0,0.0,0.0,0.0,0.0,0.0,40.0
42003130700,0,0.49480957246373763,0,6,1,0,0,4,0.0,2.020979495244679,12.125876971468076,8.083917980978716,0.14285714285714285,45.58466808977546
42003513000,0,1.072154163789462,0,2,0,0,0,1,0.0,0.0,1.8654033790543,0.93270168952715,0.0,40.229281986122004
42003411001,0,10.90141828398819,0,0,0,0,0,0,0.0,0.0,0.0,0.0,0.0,40.0
42003563201,0,0.17635146600798235,0,1,0,2,0,0,0.0,0.0,5.67049439756138,0.0,0.0,40.0
42003241300,0,0.8693739653689163,0,10,0,0,0,3,0.0,0.0,11.50252986441402,3.450758959324206,0.0,40.84828501621268
42003261300,0,0.766486806676021,1,1,0,0,0,0,1.3046538978754796,0.0,1.3046538978754796,0.0,0.0,34.934141029108105
42003271600,0,0.6808910622134668,1,6,2,0,0,3,1.4686637194930443,2.9373274389860886,8.811982316958265,4.405991158479132,0.25,41.456362564294245
42003170600,0,0.3253727372921328,0,0,0,0,0,1,0.0,0.0,0.0,3.0733982457238254,0.0,40.75552007875173
42003191500,0,0.3015560944003953,0,1,0,0,0,0,0.0,0.0,3.316132615354263,0.0,0.0,40.0
42003191900,0,0.22703096975237116,0,2,0,1,0,2,0.0,0.0,8.809370819238689,8.809370819238689,0.0,42.16556918530318
42003281400,0,0.5117042098013318,0,0,0,0,0,0,0.0,0.0,0.0,0.0,0.0,40.0
42003310200,0,0.9754475085861397,0,2,1,0,0,3,0.0,1.0251704896447456,2.050340979289491,3.075511468934237,0.3333333333333333,47.7982293068135
42003320600,0,0.5789068411564912,1,1,0,0,0,2,1.7273936476588954,0.0,1.7273936476588954,3.4547872953177907,0.0,34.14195419302698
42003320700,0,0.49874222529620715,0,2,0,1,0,0,0.0,0.0,4.010087573419683,0.0,0.0,40.0
42003465600,0,0.3821730193432551,1,11,6,0,0,4,2.616615902709326,15.699695416255954,28.78277492980258,10.466463610837303,0.35294117647058826,45.22250022362124
42003417200,0,0.6642110722142152,0,4,0,0,0,1,0.0,0.0,6.022182055269861,1.5055455138174652,0.0,40.37010168361562
42003416000,0,2.3822635292622825,0,2,0,0,1,0,0.0,0.0,0.8395376814668953,0.0,0.0,40.0
42003415002,0,5.029943275581108,0,8,2,0,1,0,0.0,0.39761879815015216,1.5904751926006087,0.0,0.2,44.14564897843315
42003414200,0,5.46832046888941,2,4,0,2,2,4,0.3657430122061208,0.0,0.7314860244122416,0.7314860244122416,0.0,38.759669330735655
42003413300,0,2.2162888215474483,1,7,2,0,0,2,0.4512047303030586,0.9024094606061172,3.1584331121214104,0.9024094606061172,0.2222222222222222,43.24484596795013
42003435000,0,0.6956849672505003,1,5,0,0,0,1,1.4374322388368106,0.0,7.187161194184053,1.4374322388368106,0.0,34.77193183583948
42003432300,0,0.3423699527007808,0,2,0,4,0,0,0.0,0.0,5.841634127711929,0.0,0.0,40.0
42003431500,0,0.4974947281063546,1,24,2,2,1,6,2.010071551524501,4.020143103049002,48.24171723658802,12.060429309147006,0.07692307692307693,38.17087982404568
42003429500,0,1.5831029577102014,5,39,6,2,1,6,3.158354278632639,3.7900251343591664,24.63516337333458,3.7900251343591664,0.13333333333333333,32.723031518951395
42003429300,0,3.2242654881683497,1,4,0,1,1,1,0.31014815736159584,0.0,1.2405926294463834,0.31014815736159584,0.0,38.87196372540849
42003429202,0,1.6738922429751577,0,15,2,0,0,1,0.0,1.1948200419671113,8.961150314753334,0.5974100209835557,0.11764705882352941,42.93746610026653
42003429100,0,2.2527563551676386,1,5,1,0,0,1,0.4439006454053861,0.4439006454053861,2.2195032270269306,0.4439006454053861,0.16666666666666666,41.88142959228653
42003427200,0,1.929650070229204,1,4,1,0,0,2,0.5182286754619815,0.5182286754619815,2.072914701847926,1.036457350923963,0.2,42.43237911873165
42003426400,0,1.3474966890787465,0,7,2,0,0,3,0.0,1.4842337025461305,5.1948179589114565,2.226350553819196,0.2222222222222222,45.53541781743134
42003426300,0,2.0107777657001242,1,3,0,0,0,1,0.4973200007768209,0.0,1.4919600023304627,0.4973200007768209,0.0,38.191203179382185
42003261500,0,0.43948436927251405,0,1,0,0,0,1,0.0,0.0,2.2753937794313757,2.2753937794313757,0.0,40.55935012321265
42003261400,0,0.46596292305909165,0,0,0,0,0,1,0.0,0.0,0.0,2.1460934991026823,0.0,40.52756479955261
42003260200,1,0.5171369522691341,0,2,1,0,0,2,0.0,1.9337237372269018,3.8674474744538037,3.8674474744538037,0.3333333333333333,58.32571330464751
42003408002,0,4.503066602731895,1,16,1,1,0,0,0.22207088817947432,0.22207088817947432,3.553134210871589,0.0,0.058823529411764705,40.39553365656655
42003403500,1,1.3852103427392155,0,7,1,2,1,2,0.0,0.7219120224171351,5.053384156919946,1.4438240448342703,0.125,53.11936753976381
42003402000,1,0.5523253034164665,0,1,0,2,0,0,0.0,0.0,1.8105272270062487,0.0,0.0,50.0
42003401200,0,1.151193582594488,1,4,2,1,0,1,0.8686636332234087,1.7373272664468173,3.4746545328936347,0.8686636332234087,0.3333333333333333,44.14364849334052
42003475401,0,2.2885637148456976,4,20,6,0,0,2,1.7478211220655016,2.6217316830982527,8.739105610327508,0.8739105610327508,0.23076923076923078,39.00392332716548
42003480101,0,0.8976430297868587,2,13,5,0,0,7,2.228057182680838,5.570142956702095,14.482371687425447,7.798200139382933,0.2777777777777778,40.86155884456954
42003479000,0,0.5110753659866928,1,5,1,0,0,1,1.956658580225989,1.956658580225989,9.783292901129945,1.956658580225989,0.16666666666666666,36.933523055997405
42003475301,0,1.302294024660756,0,13,4,2,0,5,0.0,3.071502997214465,9.98238474094701,3.839378746518081,0.23529411764705882,46.77480099099227
42003475303,0,1.2000355941043412,0,3,1,0,0,0,0.0,0.8333086159384798,2.4999258478154394,0.0,0.25,45.305243487469994
42003478100,0,0.5753707117106351,1,22,5,0,0,8,1.7380099119520684,8.690049559760343,38.23621806294551,13.904079295616548,0.18518518518518517,43.55633136451333
42003468700,1,0.5400102709015278,1,11,0,1,1,2,1.851816629951382,0.0,20.369982929465202,3.703633259902764,0.0,43.720003162526545
42003476100,0,0.9251650361479062,0,23,3,0,0,2,0.0,3.242664695253777,24.860429330278958,2.161776463502518,0.11538461538461539,44.026910349400225
42003492900,1,0.6443275824526801,0,2,0,0,0,1,0.0,0.0,3.1040111497118494,1.5520055748559247,0.0,50.38152275767377
42003504100,0,3.5595854211620943,0,13,3,0,0,6,0.0,0.8427947766514318,3.652110698822871,1.6855895533028635,0.1875,44.473079421218955
42003503002,0,2.087362565302937,1,15,5,3,0,8,0.4790734569175676,2.395367284587838,7.186101853763514,3.8325876553405407,0.25,44.95937757575234
42003500300,0,1.1618759246738313,0,1,0,1,0,2,0.0,0.0,0.8606770987880878,1.7213541975761757,0.0,40.42315299057707
42003496101,0,4.60997872408259,0,8,1,0,0,3,0.0,0.21692074082164126,1.73536592657313,0.6507622224649238,0.1111111111111111,42.461654988446114
42003151700,0,0.45972369715178507,2,6,2,0,0,4,4.350439214665212,4.350439214665212,13.051317643995638,8.700878429330425,0.25,31.840096508518652
42003141400,0,0.833385985349749,0,8,3,0,0,1,0.0,3.599772557659442,9.599393487091845,1.1999241858864806,0.2727272727272727,47.06812524739002
42003110200,0,0.3076584478510962,0,6,0,0,0,0,0.0,0.0,19.502146103603643,0.0,0.0,40.0
42003101800,0,0.4632468023078502,0,0,0,0,0,0,0.0,0.0,0.0,0.0,0.0,40.0
42003080900,0,0.14843931217813452,1,3,1,0,0,3,6.736759860487298,6.736759860487298,20.210279581461894,20.210279581461894,0.25,26.277640897483202
42003070900,0,0.31053682622787177,2,4,4,1,0,0,6.440459974729055,12.88091994945811,12.88091994945811,0.0,0.5,29.710567636875044
42003070800,0,0.17205359819819777,0,6,2,1,0,0,0.0,11.624284647020824,34.87285394106247,0.0,0.25,49.258010918325205
42003070500,0,0.1590552646853789,1,7,1,0,0,3,6.287122919056226,6.287122919056226,44.009860433393584,18.861368757168677,0.125,25.02724225741959
42003140500,0,0.2999615451213133,0,2,0,0,0,1,0.0,0.0,6.667521329079503,3.3337606645397515,0.0,40.819523835974366
42003140200,0,0.29342718167622295,0,0,0,0,0,0,0.0,0.0,0.0,0.0,0.0,40.0
42003120300,1,0.41306819497908165,0,0,0,0,0,2,0.0,0.0,0.0,4.8418155266136695,0.0,51.190242381721326
42003111400,0,0.12639551780983338,0,2,0,0,0,2,0.0,0.0,15.823345911751968,15.823345911751968,0.0,43.88978407402816
42003520002,0,1.0642043739953222,2,3,1,0,0,3,1.8793382632806124,0.9396691316403062,2.8190073949209182,2.8190073949209182,0.25,38.73987897814361
42003516100,0,0.2781603542074463,2,11,2,0,0,4,7.190097257743787,7.190097257743787,39.54553491759083,14.380194515487574,0.15384615384615385,21.327168319447516
42003515200,0,0.20910096648588022,0,0,0,0,0,0,0.0,0.0,0.0,0.0,0.0,40.0
42003509400,1,0.965189826330671,0,6,2,4,0,5,0.0,2.07213124863047,6.216393745891411,5.180328121576176,0.25,57.03248545173337
42003422000,0,7.8633912841230025,0,0,0,0,0,0,0.0,0.0,0.0,0.0,0.0,40.0
42003477200,0,1.121163261466219,0,2,0,0,0,0,0.0,0.0,1.783861520207564,0.0,0.0,40.0
42003490003,0,2.994983341692758,0,5,0,0,0,3,0.0,0.0,1.669458367395797,1.0016750204374782,0.0,40.24623739906715
42003491101,0,6.430457184217381,0,4,0,0,0,1,0.0,0.0,0.622039753225854,0.1555099383064635,0.0,40.03822832950446
42003460001,0,2.6131036643750196,0,1,0,0,0,0,0.0,0.0,0.38268669308194925,0.0,0.0,40.0
42003470600,0,0.7275217020320073,1,6,1,0,0,0,1.3745294431862942,1.3745294431862942,8.247176659117764,0.0,0.14285714285714285,38.02345747564098
42003474201,0,1.2716140468949868,0,4,0,0,0,0,0.0,0.0,3.1456085356772805,0.0,0.0,40.0
42003474202,0,3.4157182141972013,0,2,0,0,0,3,0.0,0.0,0.5855283939076519,0.8782925908614777,0.0,40.21590683483274
42003465800,0,0.7543093997155584,0,0,0,2,0,1,0.0,0.0,0.0,1.325715946768115,0.0,40.325894965905654
42003488100,0,0.6619441838729381,0,1,0,0,0,1,0.0,0.0,1.510701391995239,1.510701391995239,0.0,40.37136913064834
42003488500,0,3.720957259599168,0,6,0,0,0,2,0.0,0.0,1.6124882876634647,0.5374960958878215,0.0,40.132130319674296
42003477300,0,1.369441015842832,0,3,1,0,0,3,0.0,0.7302249519557021,2.1906748558671065,2.1906748558671065,0.25,45.80600766690273
42003459201,0,9.108945459027888,2,83,20,1,2,10,0.2195643841535792,2.195643841535792,9.111921942373536,1.097821920767896,0.1941747572815534,44.105089317581694
42003523800,0,1.9771023595948922,0,2,1,3,0,0,0.0,0.5057907068629971,1.0115814137259942,0.0,0.3333333333333333,46.85193934516754
42003523701,0,2.533210936147626,0,2,0,0,0,1,0.0,0.0,0.7895118292207812,0.3947559146103906,0.0,40.09704112381437
42003523300,0,1.3822098225246255,1,10,1,0,0,1,0.7234791590277415,0.7234791590277415,7.234791590277416,0.7234791590277415,0.09090909090909091,39.45183676229101
42003523100,1,2.7411639576054614,1,1,0,1,0,0,0.36480853223881876,0.0,0.36480853223881876,0.0,0.0,48.58347981889346
42003521402,0,2.2181628268289297,0,0,0,2,0,0,0.0,0.0,0.0,0.0,0.0,40.0
42003521401,0,2.8240852330856656,0,6,1,0,0,1,0.0,0.35409696148135555,2.124581768888133,0.35409696148135555,0.14285714285714285,43.07389576486807
42003526101,0,13.616736190308746,0,7,2,0,1,3,0.0,0.14687807504293376,0.5140732626502682,0.22031711256440065,0.2222222222222222,44.552405925626644
42003473100,0,0.5845555213073093,0,9,0,0,0,1,0.0,0.0,15.396313390167382,1.7107014877963758,0.0,40.42053428141924
42003473300,0,1.2752088631149383,1,9,0,2,0,1,0.7841852648022781,0.0,7.057667383220504,0.7841852648022781,0.0,37.14784884675039
42003473601,0,0.7995922412201699,1,4,0,1,0,2,1.2506374479997577,0.0,5.002549791999031,2.5012748959995155,0.0,35.75875975448468
42003461000,1,2.3327518338926634,1,5,0,0,0,2,0.4286782612153389,0.0,2.1433913060766945,0.8573565224306778,0.0,48.54623936237326
42003160900,0,0.6553810733656832,2,23,6,0,1,3,3.051659685149405,9.154979055448216,35.09408637921816,4.577489527724108,0.20689655172413793,36.7673597434475
42003192000,0,0.5229398766228768,1,14,1,0,0,3,1.9122657205986222,1.9122657205986222,26.77172008838071,5.736797161795867,0.06666666666666667,36.018890446557975
42003472300,0,0.1307120491187614,1,8,2,0,0,2,7.650404126794978,15.300808253589956,61.203233014359824,15.300808253589956,0.2,23.660201858023576
42003472400,0,0.1647936438002032,0,5,0,0,0,1,0.0,0.0,30.340976051612948,6.06819521032259,0.0,41.4917179475724
42003452000,0,32.23087010872179,0,36,6,1,1,6,0.0,0.18615693525370816,1.116941611522249,0.18615693525370816,0.14285714285714285,42.97109485729742
42003563800,0,6.348063910437105,0,5,1,0,0,0,0.0,0.15752834472190178,0.7876417236095088,0.0,0.16666666666666666,43.39103644644004
42003453004,0,2.864241885797115,1,32,6,3,1,0,0.34913252437187275,2.0947951462312364,11.172240779899928,0.0,0.15789473684210525,42.56957299801457
42003564000,0,16.505480074384966,2,15,4,1,0,4,0.12117187691522052,0.24234375383044104,0.9087890768641539,0.24234375383044104,0.21052631578947367,43.88837189412855
42003562400,0,0.7298527989445501,0,0,0,0,0,0,0.0,0.0,0.0,0.0,0.0,40.0
42003478200,0,0.8673850243001012,0,5,1,1,0,1,0.0,1.1528905526203967,5.764452763101984,1.1528905526203967,0.16666666666666666,44.03905071233591
42003497000,0,5.030021432721009,0,2,0,0,0,0,0.0,0.0,0.39761261989655033,0.0,0.0,40.0
42003563000,0,1.5275498019838532,0,2,0,1,0,0,0.0,0.0,1.3092862814702135,0.0,0.0,40.0
42003562500,0,0.8711633832407388,0,1,0,0,0,1,0.0,0.0,1.1478903030565717,1.1478903030565717,0.0,40.28218086392491
42003564200,0,5.558761044324045,1,9,1,0,0,1,0.1798962020540679,0.1798962020540679,1.6190658184866111,0.1798962020540679,0.1,41.41159813245173
42003160800,0,0.3964546464061724,0,0,0,1,0,1,0.0,0.0,0.0,2.5223566152267725,0.0,40.620059919415766
42003980600,0,0.5620550357965513,0,14,1,0,0,1,0.0,1.779185197732083,24.90859276824916,1.779185197732083,0.06666666666666667,42.42242363045634
42003453003,0,5.99534912057254,1,2,2,0,1,6,0.16679595798159333,0.33359191596318666,0.33359191596318666,1.00077574788956,0.5,49.720557699694176
42003564100,0,0.9898086067647485,0,0,0,0,0,0,0.0,0.0,0.0,0.0,0.0,40.0
42003161000,0,1.0218802904921014,0,6,0,1,0,1,0.0,0.0,5.871529234711644,0.978588205785274,0.0,40.24056206816968
42003101900,0,0.32489108436159014,0,4,1,0,1,0,0.0,3.0779545765775524,12.31181830631021,0.0,0.2,45.127464148646354
42003120900,0,0.44956015279221473,0,14,2,0,0,4,0.0,4.4487928647101285,31.1415500529709,8.897585729420257,0.125,46.31686106612882
42003141200,0,0.5372722571660279,0,7,1,0,0,2,0.0,1.8612537436322159,13.02877620542551,3.7225074872644317,0.125,44.09687069375823
42003411002,0,4.527817583399171,1,3,1,0,1,0,0.2208569540580452,0.2208569540580452,0.6625708621741355,0.0,0.25,44.223332002435164
42003565200,0,0.4922288188137835,0,2,1,3,1,3,0.0,2.0315754823333756,4.063150964666751,6.094726447000127,0.3333333333333333,48.909078967515626
42003451104,0,2.9577627538475113,0,1,0,0,0,0,0.0,0.0,0.338093377739368,0.0,0.0,40.0
42003981800,0,0.8275419803300991,0,0,0,0,0,0,0.0,0.0,0.0,0.0,0.0,40.0
42003562300,1,1.2978916253666064,1,3,1,4,0,1,0.7704803547966009,0.7704803547966009,2.3114410643898027,0.7704803547966009,0.25,52.47992412015835
42003981000,0,0.5352755670741509,0,0,0,0,0,0,0.0,0.0,0.0,0.0,0.0,40.0
42003981200,0,0.23316366776369893,0,10,0,1,0,0,0.0,0.0,42.88832859729483,0.0,0.0,40.0
42003486800,0,0.5858582969007784,0,0,0,1,0,3,0.0,0.0,0.0,5.120692180805768,0.0,41.25879741263227
42003525100,0,0.5206971447095752,0,0,0,0,0,0,0.0,0.0,0.0,0.0,0.0,40.0
42003473401,0,0.5908498727691931,0,5,0,0,2,0,0.0,0.0,8.462386522258214,0.0,0.0,40.0
42003459202,1,0.07160784048494682,0,1,0,0,0,0,0.0,0.0,13.964951229191403,0.0,0.0,50.0
42003202200,0,0.33848049206679304,0,1,0,0,0,2,0.0,0.0,2.9543800113675918,5.9087600227351835,0.0,41.45252469116659
42003300100,0,0.2992402295551869,0,2,0,2,0,3,0.0,0.0,6.683593322237955,10.025389983356932,0.0,42.46449786983552
42003459101,0,2.512352010147905,0,1,0,0,0,0,0.0,0.0,0.3980333949863693,0.0,0.0,40.0
42003080400,0,0.16603152139087532,0,11,5,0,1,2,0.0,30.11476349860628,66.25247969693382,12.045905399442512,0.3125,60.24232207177478
42003060300,0,0.4880512202342933,0,22,0,1,0,2,0.0,0.0,45.0772359291279,4.097930539011627,0.0,41.00737638145687
42003518001,0,0.9888557393154941,0,0,0,0,0,0,0.0,0.0,0.0,0.0,0.0,40.0
42003514000,1,0.5115485265475496,0,2,0,1,0,2,0.0,0.0,3.9096975090477475,3.9096975090477475,0.0,50.961103877130476
42003424000,1,0.7469372684524163,1,11,2,2,0,3,1.3388005154327163,2.6776010308654326,14.726805669759878,4.016401546298149,0.15384615384615385,49.846623613226136
42003407001,0,18.768114520632217,0,5,0,0,0,1,0.0,0.0,0.2664092865856816,0.05328185731713631,0.0,40.01309804646772
42003401100,0,5.377289702595813,0,8,3,0,0,3,0.0,0.5579018736059155,1.4877383296157747,0.5579018736059155,0.2727272727272727,45.7960531953166
42003450700,0,0.8153811668966431,0,6,1,1,0,2,0.0,1.2264202812115712,7.358521687269427,2.4528405624231424,0.14285714285714285,43.9093554380431
42003464300,0,0.43412488645039754,0,3,0,0,0,2,0.0,0.0,6.910453866235046,4.606969244156697,0.0,41.132511144950016
42003462100,1,1.8822406382940342,0,1,0,0,0,0,0.0,0.0,0.5312816967475256,0.0,0.0,50.0
42003523702,0,2.7145730740000227,1,14,5,0,0,3,0.36838205225636583,1.8419102612818292,5.1573487315891215,1.1051461567690974,0.2631578947368421,44.779132645689714
42003521500,0,4.044661615978244,1,10,1,0,0,3,0.24723947141821392,0.24723947141821392,2.472394714182139,0.7417184142546418,0.09090909090909091,41.131070170435876
42003561400,0,0.7097908856405244,0,0,0,0,0,0,0.0,0.0,0.0,0.0,0.0,40.0
42003550900,0,0.38234739718183736,0,4,0,4,0,1,0.0,0.0,10.461690152679852,2.615422538169963,0.0,40.64293790912275
42003526202,0,4.376659835025592,0,6,1,0,0,4,0.0,0.2284847435473935,1.3709084612843612,0.913938974189574,0.14285714285714285,43.1655071452336
42003463900,0,0.3873720664689968,0,1,0,0,0,3,0.0,0.0,2.581497445376678,7.744492336130034,0.0,41.903794754821
42003473402,0,0.6879022535435563,1,5,2,0,0,0,1.4536949033801683,2.9073898067603365,7.268474516900841,0.0,0.2857142857142857,41.13469908002639
42003191600,0,0.9318876712795728,1,5,1,0,0,1,1.0730907069807054,1.0730907069807054,5.365453534903527,1.0730907069807054,0.16666666666666666,39.8234839378115
42003470300,0,1.321277159304813,2,12,6,0,0,0,1.5136869550157785,4.541060865047336,9.082121730094672,0.0,0.3333333333333333,42.45255474235668
42003475101,0,1.2030974815859583,1,6,1,0,0,4,0.8311878424695651,0.8311878424695651,4.987127054817391,3.3247513698782605,0.14285714285714285,40.751487654467574
42003507000,0,0.41342497636609166,0,3,0,1,0,2,0.0,0.0,7.2564556364477415,4.837637090965161,0.0,41.18921521512012
42003101400,0,0.49364622075137343,0,3,0,0,0,1,0.0,0.0,6.0772267139688285,2.0257422379896095,0.0,40.497979374233736
42003140800,0,0.4200276388812003,2,24,2,0,0,4,4.761591416525034,4.761591416525034,57.13909699830041,9.523182833050068,0.07692307692307693,27.13483918784847
42003111300,0,0.20905572655484247,0,0,0,1,0,2,0.0,0.0,0.0,9.566827146805432,0.0,42.351771368847224
42003423000,0,0.38202127538991537,0,8,1,0,0,1,0.0,2.6176552574966827,20.94124205997346,2.6176552574966827,0.1111111111111111,43.8245640952249
42003417100,0,0.41943159674300096,0,5,1,1,0,1,0.0,2.3841789883386677,11.920894941693337,2.3841789883386677,0.16666666666666666,44.79275768449927
42003413400,0,1.687001306962176,1,2,1,0,0,0,0.5927677683906032,0.5927677683906032,1.1855355367812064,0.0,0.3333333333333333,44.58213300251087
42003030500,0,0.3567017121471641,1,1,0,2,0,2,2.8034628541043585,0.0,2.8034628541043585,5.606925708208717,0.0,30.492720730015314
42003448000,0,1.1938340268546035,1,7,2,1,0,1,0.8376373746312975,1.675274749262595,5.8634616224190825,0.8376373746312975,0.2222222222222222,42.01154149096207
42003439000,0,5.344966717303248,0,0,0,0,0,0,0.0,0.0,0.0,0.0,0.0,40.0
42003430200,0,0.6853581625927656,1,16,5,1,0,5,1.4590911067826475,7.295455533913237,23.34545770852236,7.295455533913237,0.23809523809523808,43.56213698955701
42003425000,0,0.8105301197892062,0,14,5,1,0,4,0.0,6.168802217122228,17.272646207942238,4.935041773697782,0.2631578947368421,48.735968743894645
42003270800,0,0.495370879432323,0,0,0,1,0,1,0.0,0.0,0.0,2.0186895143008075,0.0,40.49624563394668
42003563300,0,9.788166550473592,0,0,0,0,0,0,0.0,0.0,0.0,0.0,0.0,40.0
42003515401,0,0.2355309002437308,1,6,0,0,0,0,4.245727413962182,0.0,25.474364483773098,0.0,0.0,23.514205305325486
42003487000,0,1.0586056258208483,0,4,2,0,0,2,0.0,1.8892776981505173,3.7785553963010345,1.8892776981505173,0.3333333333333333,47.823147741402124
42003474203,0,1.7015812539582196,0,0,0,0,0,0,0.0,0.0,0.0,0.0,0.0,40.0
42003523200,0,1.2463308962663313,1,5,0,0,0,2,0.8023551393901317,0.0,4.011775696950658,1.6047102787802634,0.0,37.279002868641
42003526301,0,1.6763572192109988,0,1,1,0,0,0,0.0,0.5965315676993141,0.5965315676993141,0.0,0.5,50.21851133256964
42003474101,0,1.5655253521604877,1,6,0,0,1,2,0.6387632104583678,0.0,3.832579262750207,1.2775264209167356,0.0,37.833786090538425
42003202300,0,0.982149512028951,3,12,2,1,0,1,3.054524757439953,2.0363498382933023,12.218099029759813,1.0181749191466511,0.14285714285714285,31.992900365997773
42003475200,0,1.8310844436586964,1,21,5,0,0,0,0.5461244583575274,2.730622291787637,11.468613625508075,0.0,0.19230769230769232,42.7258347786135
42003070600,0,0.11195171961259093,0,0,0,0,0,0,0.0,0.0,0.0,0.0,0.0,40.0
42003520001,0,1.6871755496509275,1,15,4,0,0,2,0.5927065504279608,2.3708262017118433,8.890598256419413,1.1854131008559217,0.21052631578947367,43.06894351219021
42003415001,0,12.52902147725243,0,6,0,0,0,0,0.0,0.0,0.4788881566604018,0.0,0.0,40.0
42003446000,0,1.658651438062922,1,5,2,1,0,1,0.6028994260348414,1.2057988520696827,3.014497130174207,0.6028994260348414,0.2857142857142857,43.96317498465926
42003404000,0,2.471448880453319,0,1,0,0,0,2,0.0,0.0,0.4046209524740717,0.8092419049481434,0.0,40.198932406044776
42003458001,0,6.848931431753242,2,34,12,1,2,5,0.29201635611761767,1.752098136705706,4.964278053999501,0.7300408902940442,0.2608695652173913,44.90477854509168
42003562901,0,1.09604905598878,0,2,0,0,0,0,0.0,0.0,1.8247358446887558,0.0,0.0,40.0
42003409002,0,7.627949031719066,0,0,0,0,0,0,0.0,0.0,0.0,0.0,0.0,40.0
42003565100,0,0.2598204392918027,0,13,0,0,0,1,0.0,0.0,50.03455476957215,3.8488119053517043,0.0,40.9461366348724
42003563100,0,1.056736724299571,0,6,1,0,0,2,0.0,0.946309498861055,5.67785699316633,1.89261899772211,0.14285714285714285,43.66903318167609
42003563900,0,0.7268749045588817,1,10,6,0,0,4,1.3757525452152866,8.25451527129172,13.757525452152866,5.503010180861146,0.375,46.53450618825498
42003130800,0,0.3883980053328373,0,7,0,0,0,1,0.0,0.0,18.022749612221507,2.5746785160316437,0.0,40.63292198396322
42003456001,0,5.592705568604822,0,11,1,0,0,1,0.0,0.17880433499192125,1.9668476849111336,0.17880433499192125,0.08333333333333333,41.77611792928478
42003475402,0,1.4919679616594792,0,1,0,0,1,3,0.0,0.0,0.670255679544033,2.010767038632099,0.0,40.49429808632591
42003495000,0,19.8455953978114,1,4,0,1,0,3,0.05038901478915978,0.0,0.20155605915663913,0.15116704436747935,0.0,39.841504520559305
42003496102,0,12.688980301315276,1,7,1,1,1,0,0.07880853908302979,0.07880853908302979,0.5516597735812085,0.0,0.125,42.222861023318565
42003051000,0,0.2531057046093074,0,0,1,0,0,1,0.0,3.9509184573441143,0.0,3.9509184573441143,1.0,62.41847052353098
42003521200,1,2.8292396575398673,2,55,15,0,1,5,0.7069037063261997,5.301777797446498,19.43985192397049,1.767259265815499,0.21428571428571427,53.91736295126242
42003413202,0,1.5953805062987547,0,2,0,0,0,1,0.0,0.0,1.2536194294112024,0.6268097147056012,0.0,40.15408589683281
42003429700,0,1.2070150805029274,1,0,0,0,0,1,0.8284900629272417,0.0,0.0,0.8284900629272417,0.0,36.98670837811577
42003410000,0,0.8970300083513052,0,0,0,0,0,0,0.0,0.0,0.0,0.0,0.0,40.0
42003270300,0,0.2321352369243293,0,0,0,0,0,0,0.0,0.0,0.0,0.0,0.0,40.0
42003412004,0,7.1830437873010595,0,4,1,1,0,1,0.0,0.13921674844414916,0.5568669937765967,0.13921674844414916,0.2,44.08521856528529
42003412003,0,3.1924180758049534,1,8,2,0,2,0,0.31324218077165683,0.6264843615433137,2.5059374461732546,0.0,0.2,43.013190662626286
42003564400,1,5.24812913716925,1,18,2,0,0,4,0.19054409178265433,0.38108818356530866,3.429793652087778,0.7621763671306173,0.1,51.5870899200542
42003462600,1,0.4192370415021301,0,11,1,1,0,2,0.0,2.385285413753019,26.23813955128321,4.770570827506038,0.08333333333333333,53.713132596689704
42003485000,0,0.3268446730810081,0,2,1,0,0,2,0.0,3.0595572831996285,6.119114566399257,6.119114566399257,0.3333333333333333,49.2916270613099
42003523501,0,1.7665758742903155,1,8,2,1,0,6,0.5660668271051357,1.1321336542102713,4.528534616841085,3.3964009626308145,0.2,43.05163759237781
42003484500,0,0.9695895040118614,0,6,1,0,0,2,0.0,1.031364299904557,6.188185799427341,2.062728599809114,0.14285714285714285,43.74200631584142
42003191700,0,0.7271810680060763,0,3,1,0,0,0,0.0,1.375173315144178,4.125519945432535,0.0,0.25,45.50373017938563
42003451101,0,3.0338268730542,2,14,3,0,0,5,0.659233398505225,0.9888500977578375,4.614633789536575,1.6480834962630624,0.17647058823529413,41.737025109545485
42003480300,0,1.2097386160607195,0,3,0,0,0,2,0.0,0.0,2.4798745449400643,1.6532496966267096,0.0,40.406411158309716
42003468900,0,0.6571646562941574,0,6,1,1,0,1,0.0,1.521688652033021,9.130131912198125,1.521688652033021,0.14285714285714285,43.78861213211426
42003552000,0,0.2447988120861218,0,1,1,0,0,3,0.0,4.084987143026631,4.084987143026631,12.254961429079895,0.5,54.508926937733925
42003290400,1,0.6156282017265005,0,4,0,2,0,5,0.0,0.0,6.497428137278616,8.12178517159827,0.0,51.99654300609694
42003980100,0,0.6559090833674428,0,3,0,0,0,0,0.0,0.0,4.5738046263942165,0.0,0.0,40.0
42003470502,0,0.7208072120322055,0,9,2,0,0,0,0.0,2.774667021381912,12.486001596218603,0.0,0.18181818181818182,44.65273262856558
42003040600,0,0.09833025444104636,0,2,1,0,0,4,0.0,10.16980994999405,20.3396198999881,40.6792397999762,0.3333333333333333,60.39189906756671
42003408001,0,10.118525407590774,1,12,5,1,1,3,0.09882862963903952,0.4941431481951976,1.1859435556684743,0.2964858889171186,0.29411764705882354,45.75249983953641
42003010301,0,0.19032874203672773,0,0,0,0,0,0,0.0,0.0,0.0,0.0,0.0,40.0
42003101100,0,0.5130775651131951,1,10,1,0,1,1,1.9490230483560123,1.9490230483560123,19.490230483560122,1.9490230483560123,0.09090909090909091,35.44334572685271
42003050900,0,0.17235244658838933,0,0,0,0,0,1,0.0,0.0,0.0,5.8020644313114484,0.0,41.4262961795355
42003519000,0,2.1797613621156793,0,0,0,0,0,0,0.0,0.0,0.0,0.0,0.0,40.0
42003421200,0,3.567770060439085,0,0,0,0,0,0,0.0,0.0,0.0,0.0,0.0,40.0
42003413500,0,3.379716142428225,1,19,7,0,1,3,0.2958828368590535,2.0711798580133745,5.621773900322016,0.8876485105771604,0.2692307692307692,45.2126140140752
42003430100,0,0.3268733042285049,0,4,0,0,0,3,0.0,0.0,12.237157174523341,9.177867880892506,0.0,42.256155209886174
42003427000,1,0.6727802228046427,1,19,3,3,0,4,1.4863694949760335,4.4591084849281,28.241020404544635,5.945477979904134,0.13636363636363635,50.05076365235477
42003110600,0,0.24364008462499043,0,0,0,0,0,0,0.0,0.0,0.0,0.0,0.0,40.0
42003460002,0,2.9171379322396644,2,12,2,1,0,7,0.6856035081153938,0.6856035081153938,4.113621048692363,2.3996122784038785,0.14285714285714285,41.03602822274573
42003488400,0,1.5482064977571204,1,9,1,0,0,3,0.6459086700958143,0.6459086700958143,5.813178030862329,1.937726010287443,0.1,40.204933184587624
42003451102,0,2.403830628369416,1,9,2,0,0,3,0.4160026867942552,0.8320053735885105,3.7440241811482973,1.2480080603827657,0.18181818181818182,42.63261943358102
42003180300,0,0.2916545596649759,0,4,0,1,0,3,0.0,0.0,13.714855014078323,10.286141260558741,0.0,42.52859721841822
42003290100,0,0.4857544573597515,0,10,6,0,0,3,0.0,12.351919594546054,20.586532657576758,6.175959797273027,0.375,53.542755064477255
42003407002,0,10.130839627900913,2,9,0,2,1,1,0.19741700327501832,0.0,0.8883765147375824,0.09870850163750916,0.0,39.25771182138479
42003010302,0,0.224007301499248,0,3,3,2,0,2,0.0,13.392420603799252,13.392420603799252,8.928280402532835,0.5,57.100484721066856
42003409001,0,9.329996703007973,2,30,7,1,0,2,0.21436234799045575,0.7502682179665952,3.215435219856836,0.21436234799045575,0.1891891891891892,43.27895450460638
42003459102,0,3.68955167849646,0,0,0,0,0,1,0.0,0.0,0.0,0.2710356398660102,0.0,40.06662750857654
42003477100,0,0.8395574724862525,1,9,3,1,0,0,1.1911036858961133,3.57331105768834,10.71993317306502,0.0,0.25,41.68396148279414
42003552400,0,0.8910280506185068,1,4,0,1,0,5,1.1222991232496558,0.0,4.489196492998623,5.611495616248279,0.0,37.02165842779607
42003526102,0,5.333076117320695,0,1,0,0,0,1,0.0,0.0,0.18750904318657916,0.18750904318657916,0.0,40.04609452981634
42003456004,0,2.4983943774549306,2,15,2,0,1,3,0.8005141294135332,0.8005141294135332,6.0038559706014984,1.2007711941202999,0.11764705882352941,39.83302471324973
42003070300,0,0.16557261239453924,0,11,0,0,0,0,0.0,0.0,66.43610824831553,0.0,0.0,40.0
42003517000,0,0.959426813426346,1,5,0,0,0,2,1.042288985471187,0.0,5.211444927355935,2.084577970942374,0.0,36.465324143533415
42003413100,0,6.240906022132071,1,16,0,0,1,1,0.1602331450679931,0.0,2.5637303210878897,0.1602331450679931,0.0,39.41721788204001
42003429400,0,1.3730164372094644,1,16,0,0,0,1,0.7283234001425448,0.0,11.653174402280717,0.7283234001425448,0.0,37.35102338835837
42003401300,0,1.2961755263677714,0,6,2,1,0,2,0.0,1.5430008971119304,4.629002691335791,1.5430008971119304,0.25,45.94451511154588
42003526302,0,1.5474971936741293,2,10,3,2,0,2,1.2924094519690343,1.9386141779535515,6.462047259845171,1.2924094519690343,0.23076923076923078,40.624897437197475
42003980000,0,0.332963426026167,0,20,6,2,0,0,0.0,18.019997185902547,60.066657286341815,0.0,0.23076923076923078,51.21616454255437
42003090200,0,0.17492813642483626,0,2,1,0,1,1,0.0,5.716633244016085,11.43326648803217,5.716633244016085,0.3333333333333333,50.16598186229941
